link,
https://bsky.app/profile/bencollins.bsky.social/post/3kqyj7u2zqh27,
https://bsky.app/profile/k8lister.bsky.social/post/3krcbkos4mk2j,
https://bsky.app/profile/bsky.app/post/3kqy4mjw5eo2t,
https://bsky.app/profile/shoshana.bsky.social/post/3kr4yymcvp62u,
https://bsky.app/profile/bencollins.bsky.social/post/3kqykn643ps2l,
https://bsky.app/profile/book-historia.bsky.social/post/3krbvbufoil27,
https://bsky.app/profile/existentialcomics.bsky.social/post/3krexyc57oc2g,
https://bsky.app/profile/juicysteak117.gay/post/3krfkyfh3pc24,
https://bsky.app/profile/criminalerin.bsky.social/post/3kqxlnytdh52n,
https://bsky.app/profile/patblanchfield.bsky.social/post/3kqxzvonqis2u,
https://bsky.app/profile/skipbidder.bsky.social/post/3krbzi5ppv32f,
https://bsky.app/profile/kjhealy.bsky.social/post/3kqw56xals22q,
https://bsky.app/profile/mosheroperandi.bsky.social/post/3kqx2t4u3gl2c,
https://bsky.app/profile/profmusgrave.bsky.social/post/3kqxt2gcv3h2h,
https://bsky.app/profile/audrelawdamercy.bsky.social/post/3krfez3ctas2h,
https://bsky.app/profile/tylerjameshill.bsky.social/post/3kr37elsa3k2j,
https://bsky.app/profile/rincewind.run/post/3kqxtmpj5ds2h,
https://bsky.app/profile/beagle.bsky.social/post/3kqw44stwkc2m,
https://bsky.app/profile/sjjphd.bsky.social/post/3krdvhoyqxs2e,
https://bsky.app/profile/alexanderchee.bsky.social/post/3kqzuonxwns2z,
https://bsky.app/profile/theferocity.bsky.social/post/3kqzyn27em22j,
https://bsky.app/profile/russellgaleti.bsky.social/post/3kr7jluja4l2x,
https://bsky.app/profile/kashana.bsky.social/post/3krcej4c4ak24,
https://bsky.app/profile/notalawyer.bsky.social/post/3kqz6hikmvs2i,
https://bsky.app/profile/sjjphd.bsky.social/post/3kqzyfuqhxx2t,
https://bsky.app/profile/kevinmkruse.bsky.social/post/3kr3a2tindf2t,
https://bsky.app/profile/petridishes.bsky.social/post/3kqxnvtnvgr2m,
https://bsky.app/profile/brainnotonyet.bsky.social/post/3kr4ssjr4zl2a,
https://bsky.app/profile/ryanlcooper.com/post/3krf4ug6lw224,
https://bsky.app/profile/nameshiv.bsky.social/post/3kr5yebzixg2e,
https://bsky.app/profile/mikedrucker.bsky.social/post/3krcnmr2m722o,
https://bsky.app/profile/jbouie.bsky.social/post/3kqxsf7w6ds2o,
https://bsky.app/profile/erinbiba.bsky.social/post/3kr3fgghw322y,
https://bsky.app/profile/nkalamb.bsky.social/post/3kqzrrbsuo52a,
https://bsky.app/profile/chrislhayes.bsky.social/post/3kqyh3k3peu26,
https://bsky.app/profile/tressiemcphd.bsky.social/post/3krewvqx6rs2h,
https://bsky.app/profile/kevinmkruse.bsky.social/post/3kqy3vefxlk2k,
https://bsky.app/profile/seamas.bsky.social/post/3kqzjdwselp2s,
https://bsky.app/profile/andycraig.bsky.social/post/3kr7pn3eaix2n,
https://bsky.app/profile/hellafitzgerald.bsky.social/post/3kqwfc7jlls2a
