,handle,did
0,greene.haus,did:plc:v35s7l2l3nyjyxvqf427r5av
1,nathanielcgreen.bsky.social,did:plc:e36u5s7ohhidia4x5e4nwdd4
2,jakefmooney.bsky.social,did:plc:uogqw3tmescpszxmep6e64x2
3,brianlyman.bsky.social,did:plc:xv3rzxy3wn6ogpryhdrksafd
4,nobodyinteresting.bsky.social,did:plc:sq4srjwg5noukbywa5stn6ar
5,cingraham.bsky.social,did:plc:tnlhrgmbce34nvpyti46miej
6,bubbaprog.ilovecitr.us,did:plc:vqtakzi5bityrtbjj4cfan4l
7,aaronvandorn.bsky.social,did:plc:quhh4e7opp7z6cqjwrh6sk5m
8,meredithshiner.bsky.social,did:plc:qjoafldyxvsszdxrrmxyvq67
9,jdvdub.bsky.social,did:plc:p3xkgg3yygj236etufgsnkvl
10,hurricanexyz.bsky.social,did:plc:v47w2oqbv7pbplwenk3mwpxp
11,www.fhqplus.com,did:plc:c7trvxgv7veldmmrrcwyachq
12,thewanderingjew.bsky.social,did:plc:4zshebjfpzk4grqukxhevhur
13,waxmonkey.bsky.social,did:plc:y5ziidtxv6yvci7b7tvei3ea
14,ringtales.bsky.social,did:plc:blluzotaqiswo4ilmx66zlfi
15,whiskeynachos.bsky.social,did:plc:i2pymihew3iaq45uy4gffbsd
16,heissenstat.bsky.social,did:plc:hpzrn24orwmk7ctqfd27uvyy
17,profjpc.bsky.social,did:plc:oc5g6kf76tfuftb5v5iqbbht
18,haroldpollack.bsky.social,did:plc:xw35ddzmfqtpimppwridjn2n
19,merchantofvice.bsky.social,did:plc:67gpptzgbataojcpe5i675d4
20,fatsteverogers.bsky.social,did:plc:lh7oriezec4dodwazx2hvfhe
21,samwang.bsky.social,did:plc:y4vk2n4vk4ppcderc75uenhh
22,amandamull.bsky.social,did:plc:mwwn3r5llzsfassowreprqus
23,kashana.bsky.social,did:plc:a25kqnnqd7g4bvahjwz2enkh
24,mollyjongfast.bsky.social,did:plc:oqr5mp25r7z3vfr3igeerxbw
25,pkrugman.bsky.social,did:plc:vl7iw2awdpm72srjve3f4fj2
26,banditelli.org,did:plc:555c53zqgqs55yh6gvttf5uv
27,unavaleable.bsky.social,did:plc:fwputkzhhk4nmxyosaqygto7
28,proofofburden.bsky.social,did:plc:sxk2txh376zqkdgbgmevaw6j
29,project2025.bsky.social,did:plc:vcjmhmo4nlilj5ye7gqvdba3
30,docbenway.bsky.social,did:plc:mok2wbtsd6r4ls5cvo3avomx
31,ironspike.bsky.social,did:plc:n2ylkhqdzjykr3mwwdpmhcsd
32,mobute.bsky.social,did:plc:x6l3uz63jjt43tcaif7tdvgj
33,hunterw.bsky.social,did:plc:trqqcu6a3xwkmserqrohveu5
34,radlein.bsky.social,did:plc:eru5i6rg2tr5xorccyklq7qj
35,stevesilberman.bsky.social,did:plc:bfqkzxtvaqmhhl5ojo4itf6l
36,figgityfigs.bsky.social,did:plc:drrwrzzfwlvfz22p5j52liq2
37,angus.bsky.social,did:plc:4eyhxbeogaaqv2p556nkbecg
38,theferocity.bsky.social,did:plc:7ikl5b575otp6uxqsddmvuzh
39,asherd.xyz,did:plc:2dxklks3vn4s4xn6sk5aktm5
40,mattsteinglass.bsky.social,did:plc:lg6hkdrtipy2it5hxwgv4a62
41,akivamcohen.bsky.social,did:plc:flpfwd36ahipuslvlnnfciep
42,juliusgoat.bsky.social,did:plc:tzy4hibtkautrntsz5f3ns37
43,emily.gorcen.ski,did:plc:5hwy5afvfhonj6mrpcxm3rfy
44,texasinafrica.bsky.social,did:plc:iup76r3an7jnzkj6otfyv2sc
45,normative.bsky.social,did:plc:jdfwnosj5tavojrkinbcor6h
46,pwnallthethings.bsky.social,did:plc:ovyajbnegrir2ddtwfhijiob
47,brendannyhan.bsky.social,did:plc:clxs5bimkdx2zvxzrbs6v3pw
48,starshine.bsky.social,did:plc:zljlg7cgdfsl7maqvjjpp7i4
49,mattnegrin.bsky.social,did:plc:grwzs2cdy3vhhevhiudii7iy
50,mosheroperandi.bsky.social,did:plc:kzsnqhdb3styakbudv3xtq4p
51,charles.littlegreenfootballs.com,did:plc:hpmftisceoy4runolfcwadkr
52,chathamharrison.bsky.social,did:plc:hyszri36usuuawks7s5viu5p
53,planetoffinks.bsky.social,did:plc:lxm73xyumeuemj36oisadm6h
54,transscribe.bsky.social,did:plc:3gxyh4elwykcdnpci7gmqrvh
55,jeffjarvis.bsky.social,did:plc:6y2b4lqfw2j3oyycegx3ey7q
56,pbump.com,did:plc:rogqxhzq6vy54nbuy4n6rwyd
57,alexsaysstuff.bsky.social,did:plc:iy6h7sze2eofue7in34fmsvz
58,hayesbrown.bsky.social,did:plc:gru2okv6t7ffpsx5acegekxl
59,benwritesthings.bsky.social,did:plc:aqpvflircvnqh5k677b5du5u
60,victorerikray.bsky.social,did:plc:hpvbsppojyfmebq6nf6ynexf
61,apocalypticanow.bsky.social,did:plc:hm4euky3y3a3dqrvstvbqakn
62,jessicavalenti.bsky.social,did:plc:yhzrmaeu6frmndpicchvi5lp
63,ebonyteach.bsky.social,did:plc:yr6djucvz554vpl2s7boehr7
64,maggieastor.bsky.social,did:plc:vsn7qxqg4kh436lkke2gbdnl
65,hilzoy.bsky.social,did:plc:puocdk7p4ysuewz2jsgd2clq
66,aaronhuertas.bsky.social,did:plc:hwb7xa7tn2li2ozdijlw3w7h
67,murshedz.bsky.social,did:plc:cf26plxwia7dxpm6plry3sj2
68,david.noll.org,did:plc:ata7hvtdry3oi7b2yaqmbwz4
69,joolia.bsky.social,did:plc:6yde3jzbwuuxqmp2ibtrbo3e
70,kjephd.bsky.social,did:plc:2c4hmyxdfk4aky3jeoulhog5
71,thomaszimmer.bsky.social,did:plc:zs5cbnx3p4g5mie5peplc665
72,mayasen.bsky.social,did:plc:ekjo75j2touqg5dskb26ughm
73,bartenderhemry.bsky.social,did:plc:4u42vwglz35baspkeivbgw3n
74,grudgie.bsky.social,did:plc:zyq2demh4lorbatgbrsrl3ki
75,rahaeli.bsky.social,did:plc:ocsbmyulc2grbq3esflddyj6
76,warrenterra.bsky.social,did:plc:xfrwohjwxmkytdzadc4lqqy6
77,braak.bsky.social,did:plc:rtfrnjke7ycgrsc7jw54uz4n
78,mikevago.bsky.social,did:plc:krow2daoylxknyq26uzdtrvh
79,coachfinstock.bsky.social,did:plc:izxpomdyri45gzhppiiyattq
80,sethcotlar.bsky.social,did:plc:miczfsfixolk42l7343z3bpd
81,phillewis.bsky.social,did:plc:jmte4w4x7ukciit6lci6ziau
82,brooklynspoke.bsky.social,did:plc:rdistsjuqdr5yakpv3ryfgws
83,luxalptraum.com,did:plc:haq4hnhjn34q4lgqrzhzwyc6
84,tonyjordan.bsky.social,did:plc:qcftrmby53ecrplammbm6jeq
85,lawnerd.bsky.social,did:plc:zlijidr4pxddfbvcmbxx63op
86,lolennui.bsky.social,did:plc:kfdf3ncmu3ekd3yrorivypai
87,nameshiv.bsky.social,did:plc:3s5wtzqrvrsvbxl6afiko2yw
88,numb.comfortab.ly,did:plc:pmyqirafcp3jqdhrl7crpq7t
89,nycsouthpaw.bsky.social,did:plc:on5oeywiqx32fh2zau473wz6
90,jdmortenson.bsky.social,did:plc:m2f5skwf2in2bfhmowwrbjms
91,niedermeyer.io,did:plc:yn75hmwkitdshnylue6d3grk
92,eleanor.lockhart.contact,did:plc:cnyoagvcaroalhb33wen47eg
93,alonlevy.bsky.social,did:plc:37p4sk6d6bd6onjzh7edqn5y
94,otsumamiboy.bsky.social,did:plc:maqxe4oag6x7caxpmk65iilo
95,ruemcclammyhand.bsky.social,did:plc:c6k2ozisr2bbitsafwwyistf
96,marklemley.bsky.social,did:plc:22gl4rbpkgcoxytuhphhqofi
97,bstaples.bsky.social,did:plc:ter3y6zmdwoumx32a4xuassd
98,annamerlan.bsky.social,did:plc:7pkhmdnp4e542b2l4drqfmyc
99,bakerdphd.bsky.social,did:plc:ozma3timm5c32fa7bimb4zaj
100,emilythorson.bsky.social,did:plc:amebj2ndf6zxdg7tfetl5dlo
101,ternbicycles.bsky.social,did:plc:uu3qyktdmv3ycozgmxmput6k
102,arindube.bsky.social,did:plc:zedzjdeavmz6bhrj6jpr2fyc
103,gothamgirlblue.com,did:plc:rzkenmeipfagqf2d3sb4mmob
104,katejackson.bsky.social,did:plc:saqzqcndhpqdc3gk22f5slke
105,chrisgeidner.bsky.social,did:plc:36eqtmzysqf7wsslczw4uxcd
106,dandrezner.bsky.social,did:plc:f6hdxggxx4qfijx4sd3dnbkg
107,sarahjones.bsky.social,did:plc:5trvvmmc4k3ubwgkljvhvmp4
108,rachelshelden.bsky.social,did:plc:56of5sdh6kfsamu5r5e7c6uj
109,gonebabygone.bsky.social,did:plc:spz7xtxwn7tareapqzouydsh
110,roryblank.bsky.social,did:plc:aesxmgqau5bmwvfmtd3wsex2
111,surcomplicated.bsky.social,did:plc:lvwodiqbcwtvas6n4nfpkokt
112,shannimcg.bsky.social,did:plc:pwjplfsc5wpbzwntczvsk6g2
113,timfernholz.bsky.social,did:plc:n5vn7dakcsx467cznu3laszn
114,threnody.bsky.social,did:plc:2lzahebnas6od6j6jfydwst7
115,mirya.bsky.social,did:plc:mmzzps7ujtzias5cph45wkd6
116,caitlinmoriah.bsky.social,did:plc:5crnmuynyoly62tsimfxnl6k
117,marissadraws.bsky.social,did:plc:dhepmghv3mewtcxbn5jfilo3
118,mdoukmas.bsky.social,did:plc:ncaohkccjq6cepplnvoqkwwx
119,laurahelmuth.bsky.social,did:plc:ua7v7oruagwntb6l4szhik5m
120,zeithistoriker.bsky.social,did:plc:hrkdu4d4xpt445eylzp3l6hf
121,bcburden.bsky.social,did:plc:6456dwtmhwvuwasshqko2uhs
122,garthgreenwell.bsky.social,did:plc:jfzqx4zpq435wxkfvfnrrkrb
123,abigailnussbaum.bsky.social,did:plc:sayd7sy4btfjfr2bvevtim7m
124,hausofdecline.bsky.social,did:plc:e72cwu7fen37hzzzhwy6mkxp
125,glennf.com,did:plc:aorbdsa5m6q5pw6japzuatds
126,jfallows.bsky.social,did:plc:yhwb4flopeavzkwbybtojo2s
127,stephenkb.bsky.social,did:plc:xbnsfdtxoothg654ujxe3p25
128,mbkplus.bsky.social,did:plc:yj436z2s2v37rvaw33lc4ryq
129,rincewind.run,did:plc:6hit5rjdbmlnscmuk4bbtmuc
130,docischief.bsky.social,did:plc:l5ntiztlr5kp5dzhbfm7xkgi
131,usspcrichardandson.bsky.social,did:plc:blqiz2oshcyeeqptyh22kyle
132,gbbranstetter.bsky.social,did:plc:mlmouohgzbjofidukcp4pxf2
133,jacobtlevy.bsky.social,did:plc:36n7wd7gg4tapamnog4zyyc6
134,joshuajfriedman.com,did:plc:qrllvid7s54k4hnwtqxwetrf
135,connorlynch.bsky.social,did:plc:l4cenoqdzpqsovxjyjue37sd
136,johnpfaff.bsky.social,did:plc:vpkw7cvu6eu742hvjk5wsxf2
137,qjurecic.bsky.social,did:plc:maiw2rfujepnphhrejytvuu5
138,sjshancoxli.bsky.social,did:plc:brnnpb6x3pdapjeqqs275gbd
139,genxjamerican.com,did:plc:nvqlgydvxtdy2ahpvfwaiiab
140,jonathanbernstein.bsky.social,did:plc:xjmoofapaamwdw4tq52tomxq
141,jordanmorris.bsky.social,did:plc:iqqbx4khxhezruex2yr7j5ic
142,josie.zone,did:plc:474ldquxwzrlcvjhhbbk2wte
143,amandamarcotte.bsky.social,did:plc:eoxg5kzxq4iavkrzpffta7gr
144,levin.bsky.social,did:plc:tfp5eoynynisunnugvuw6nga
145,cristianfarias.com,did:plc:jech7rem6vijss4euf4fijao
146,unionthug.bsky.social,did:plc:joflcwwvylhm272ptxpqk5by
147,blackburbskid.bsky.social,did:plc:vmjcvwnt2pnstqqzar2bskzz
148,joshuafoust.com,did:plc:36lot6lvgs2vmhb3xyclrgdc
149,xtinaladam.bsky.social,did:plc:w5ofcpsmt56incrf3s4bcogg
150,pomological.xor.blue,did:plc:qntg7ojkypkuqhg73fgveeb6
151,djlavoie.bsky.social,did:plc:2f2igkk5bnrwoxulpn4frwwz
152,rasmansa.bsky.social,did:plc:gqqqg5xi4p2x4bfgphr7akip
153,johntrterry.bsky.social,did:plc:73snlw6qdooihpj35fl7p6od
154,emilylhauser.bsky.social,did:plc:zo2vffvtrgx7oeckt4zbibw6
155,tft.io,did:plc:msauhqa34ckvoct4rsdoijsy
156,sjjphd.bsky.social,did:plc:5khesvavvttyuygvncdhfjge
157,sprawlhater.bsky.social,did:plc:gnuexqxygyadeo2ca5bxd34s
158,etvpod.bsky.social,did:plc:qexe44h5jjj7h3kve3zwcser
159,tylerdinucci.bsky.social,did:plc:jl4phyd2nl77d4lctl6mf3yy
160,eveettinger.com,did:plc:mx4oxij4km2blahra67ay65l
161,matttttttttb.bsky.social,did:plc:diq4qvhws5inxaxr4plioxad
162,michelledean.bsky.social,did:plc:jfuwfvhuunn2gjdpg6ftcxoq
163,astrokatie.com,did:plc:62gdkmpwa7xme36getyqnem3
164,gregsargent.bsky.social,did:plc:2amnkge5a6hplfwyesmxqkfl
165,socio-steve.bsky.social,did:plc:ddcdpvayapxexb26u6z3zlac
166,emilyyoshida.bsky.social,did:plc:ekkfte7dfpnhtvbuseunj6jl
167,smilholm.bsky.social,did:plc:d5ms7674hmk22jbp5jz2zmdn
168,lyz.bsky.social,did:plc:74bzfmxczflvh3zpn76rtwfi
169,earlymodjustice.bsky.social,did:plc:aci62sk54idppcryz6psdnnc
170,hilarymatfess.bsky.social,did:plc:ux3axbgs4kpluif2qcjx5gdk
171,smotus.bsky.social,did:plc:wgfz5e3rv4mxgtcpypddfruu
172,dabenner.bsky.social,did:plc:hjviwzudgxbu5wb2dbq6guch
173,patrickwyman.bsky.social,did:plc:hmsszljyd273swnyqhvy4zsl
174,banjeaux.bsky.social,did:plc:lljbxysrlh6d2f6nahgqkcoc
175,rhetoricpj.bsky.social,did:plc:suwsqzkk7tcpksbhz4cowews
176,aristofontes.bsky.social,did:plc:ezaybkq5wunfdyhqkooomndn
177,mauraquint.bsky.social,did:plc:p2dcugajbtsn44h5n2kgt7ox
178,ealluia.bsky.social,did:plc:6bjwvpf5yylii26iiexfo64y
179,trecoolx.bsky.social,did:plc:oi3ovcfvg6h67cwljrvyljhj
180,bcdreyer.bsky.social,did:plc:gthl7kdyryv5lylos55da747
181,theophite.bsky.social,did:plc:ptwfknk5mn2c7mwpvjrfnoay
182,dawsonvosburg.bsky.social,did:plc:nl5jun36lj2hgpmz7xnm6d6d
183,nanglish.bsky.social,did:plc:vw7el6tbj4obvgin5n3ba2z2
184,silkyweineck.bsky.social,did:plc:54g26fa5n4p2uqwh7bsq2ftk
185,tjsleakyroof.bsky.social,did:plc:4dysdpedpl6dcb527hngv7rt
186,meredithconroy.bsky.social,did:plc:4bqhxu7gcjsyt3dtcnejiuuy
187,maschwar.bsky.social,did:plc:6uy3nzihm63woue4trz2djty
188,whet.bsky.social,did:plc:nlsox6rtff33lfliruzv5qkv
189,daralind.bsky.social,did:plc:k2boueagtkmwibc2mlgj46m6
190,mattsitman.bsky.social,did:plc:wdrkpf36jh7f22bilr3upgjc
191,internethippo.bsky.social,did:plc:ux34natbhxube3xgdu3rhf45
192,dem8z.bsky.social,did:plc:4liampbfwxqb5qmk4u7bx7zg
193,sifill.bsky.social,did:plc:rjr6nfdzrfngjgc34jjyty6a
194,emmaroller.bsky.social,did:plc:cj3enwpkb4bmcwzjk4gyepq7
195,kottke.org,did:plc:vaba7tf7ylt2kaavf4t2kotp
196,andreagrimes.bsky.social,did:plc:ayutykgvyf4x7ev5ornltyzz
197,espiers.bsky.social,did:plc:dci5jlffbhbi4ui4inf2wk6i
198,ddayen.bsky.social,did:plc:nztbvvo2gl4227zuxjf7gog3
199,kevinmkruse.bsky.social,did:plc:cnpe7qvcyjrhm6w7w7e4atur
200,daveweigel.bsky.social,did:plc:djdxfzbvmvjmjlj3qu32uy2i
201,cooperlund.bsky.social,did:plc:ccrabc6xdnjx4l7btvynnng4
202,seantcollins.bsky.social,did:plc:eawrzkefxggvqbrmagkhsmcc
203,neilhimself.neilgaiman.com,did:plc:o6ibgputv3kmdq6ebzd27ezx
204,calllmenadira.bsky.social,did:plc:7skvedgzjdflfniyb4ie5zrv
205,edyong209.bsky.social,did:plc:52ecd2d4or75ecwgcuw3cg3u
206,attackerman.bsky.social,did:plc:nx2hxdrsv3mivqwwvkq7xlqx
207,jonmladd.bsky.social,did:plc:egd33s7iuqsmwlwab6mbtrqi
208,pnutsmama.bsky.social,did:plc:cohsnro2uub7ol542ee2qaig
209,funkeiro.bsky.social,did:plc:jicdyi3hro3g7iswwtlm5snr
210,priscillapage.bsky.social,did:plc:57to4anm3kiw2kmo2mudl7fn
211,johnedwinmason.bsky.social,did:plc:jg56koklewawajudcs6bxh6b
212,grantlorrell.bsky.social,did:plc:fvbbuyov63zhtzpcop6rls35
213,marawilson.bsky.social,did:plc:cguwfiesizkt4ssgx6q7d6yy
214,angelicabastien.bsky.social,did:plc:x4cgqhyebzqjmeqe6lxgluvx
215,asrust.bsky.social,did:plc:w5gcgk27r4amcg2n5mutfin4
216,grapesmoker.bsky.social,did:plc:gek6cu3jbhdunjdcd75tuteu
217,emayfarris.bsky.social,did:plc:v3eztk6n5yfusonzysddcqer
218,adamgurri.liberalcurrents.com,did:plc:r75unbj372lvbim6syioaueo
219,mnateshyamalan.bsky.social,did:plc:dst5a7uf7wtatmp66p5ygzmw
220,crabin.bsky.social,did:plc:fl63naqofmbcctjp6s5vlmb7
221,nicholasgrossman.bsky.social,did:plc:756gaaeewovgn4axja34ajne
222,jayrosen.bsky.social,did:plc:3t37x6vfigdzzp2gjcfnzlz4
223,swin24.bsky.social,did:plc:jp6kosbeb3bkbadjr2ttznbu
224,dahlialithwick.bsky.social,did:plc:ekviet5axgpvqtdadjxfpfw7
225,colson.bsky.social,did:plc:aofs5k5i6oputmljhhdjiqyb
226,kateshaw.bsky.social,did:plc:aiqa4hgyu6qubaavi7do55bv
227,davidklion.bsky.social,did:plc:ri2etrey3dbeq34hejafsshe
228,madar.bsky.social,did:plc:mzmert5ezqmuq7vo55jiadyz
229,leahlitman.bsky.social,did:plc:qwxftspzayyqtmwv5t4rtdsm
230,brianbeutler.bsky.social,did:plc:lwlwbg4mvvz4uppezlxcczm2
231,theodalisque.bsky.social,did:plc:udrp3bflzlwzi6cmn5uunl7p
232,sorayaroberts.bsky.social,did:plc:hpmhdvzsir37gbalbka77rx6
233,lollardfish.bsky.social,did:plc:bzy5rjjduvvkxno5xe3evl3f
234,annehelen.bsky.social,did:plc:4jnnwduuahcjt4x5dkwjwgt3
235,aminatou.bsky.social,did:plc:mzovbyyej2mp76ph3t76ljbj
236,archive.org,did:plc:73dpznbu4wqwtcyurwbiulov
237,pftompkins.bsky.social,did:plc:kba5ra5zizxsey2nq4pwnove
238,chrislhayes.bsky.social,did:plc:e62gb2ushvtvjvqcbrxeaw2n
239,jduffyrice.bsky.social,did:plc:kjoz2exxqskrznryun4ogtsx
240,hels.bsky.social,did:plc:fkpg2nmdux5jxsykgsicpjkq
241,bonniehonig.bsky.social,did:plc:v4mq5g6lnp4cxjwno5tyrkjk
242,lindaholmes.bsky.social,did:plc:nnybt4xto5wei34knpj3kexp
243,richterscale.bsky.social,did:plc:37fln5kiugju5notfnfvydjp
244,katzonearth.bsky.social,did:plc:ieluoyrr7apgy6rw3uo5zk3v
245,inkookang.bsky.social,did:plc:mosm2lduullpnu3256gkndbf
246,epikt.bsky.social,did:plc:5udoh2yruu6u2njprrhkkr3y
247,clairepotter01.bsky.social,did:plc:nhchfuaatn4xdbdb3ihunefu
248,kbaxter.bsky.social,did:plc:5fydq42kjw7t4tymtvziheko
249,melissagiragrant.com,did:plc:6c45z5sf3rhgrupy26iqndmc
250,lordbusinessman.bsky.social,did:plc:bhg5fzu5fgj57tqsgsxc2ki2
251,carnage4life.bsky.social,did:plc:57vlzz2egy6eqr4nksacmbht
252,nikobowie.bsky.social,did:plc:2r7ljryv4mdb7e4svonbhugk
253,tomscocca.bsky.social,did:plc:lyspo2bgxpznqtug5ir2q33g
254,cgracet.bsky.social,did:plc:7cky6ll5hlat4xzfxo7oqf2a
255,donmoyn.bsky.social,did:plc:2rrp7amblhg3xoly5n5huiqv
256,ryanlcooper.com,did:plc:p5yoii26kayabauhkym3vtms
257,scalzi.com,did:plc:qvzn322kmcvd7xtnips5xaun
258,bdmcclay.bsky.social,did:plc:p4ztdpjailvwtcaj7kvswwpk
259,tomtomorrow.bsky.social,did:plc:nehvjrqlcz766irejep43jnw
260,zsamudzi.bsky.social,did:plc:mglaxt4f53shpsu4u7nkmpyv
261,averysafecat.bsky.social,did:plc:wzlhzgmta5hvkssdcqvlcpdh
262,mtkonczal.bsky.social,did:plc:7e7fm62vb7vcuq3ni5vjjkgs
263,audrelawdamercy.bsky.social,did:plc:kjklbsuepdppuppsfluytydl
264,ennuigo.bsky.social,did:plc:csgtpysooph3c5necujq6ly4
265,andreapitzer.bsky.social,did:plc:sva5ad6pbtkgrdrqyej2fe2f
266,ashtonpittman.bsky.social,did:plc:r6wxaadynk3m7sqsyn3r3vrf
267,isaacbutler.bsky.social,did:plc:v7u3e22drxqwf6ei6bs3av6u
268,kimkelly.bsky.social,did:plc:siuuoqcskrsyg63qvqrgewtl
269,radleybalko.bsky.social,did:plc:c7ozmxoc5b2ky4iam2o36uic
270,darthbluesky.bsky.social,did:plc:qzuw62ra5pgoy7ohoaj4gd7v
271,rtraister.bsky.social,did:plc:rh3rd65obpbgpjqigi32mhjg
272,libyaliberty.bsky.social,did:plc:t6xw5wv3gca6rq4mfqfpk7no
273,moiradonegan.bsky.social,did:plc:sdu4rudzew7rtf26u5o4bdf7
274,ruralindexing.bsky.social,did:plc:yok6byfgnrkkq5r5sbphulie
275,rachelmcohen.bsky.social,did:plc:ntx3o4gx2wjkrmpvu7vzxjnj
276,rembert.bsky.social,did:plc:4tybh3n75gdg5uhodsk22uof
277,whstancil.bsky.social,did:plc:7umvpuxe2vbrc3zrzuquzniu
278,rauchway.bsky.social,did:plc:6brknehpd7ecbvd56ko6mhlm
279,ositanwanevu.bsky.social,did:plc:2ylgbet7hkz6ntdh6eljnsri
280,davidgrossman.bsky.social,did:plc:wqddypxgfxzjmp2y623fknj7
281,perrybaconjr.bsky.social,did:plc:iig55lfqe6rnvcmx55mhhhqq
282,lhn.bsky.social,did:plc:meeqsjtk2rb5ygzm3qygcvr3
283,emilystjams.bsky.social,did:plc:suhzwo6gi4qqqrei47uecudc
284,aprilwolfe.bsky.social,did:plc:5actjj2cxwehhly4t62worej
285,eoinhiggins.bsky.social,did:plc:au53gk265ykqxctmavcoljrn
286,paulcrider.liberalcurrents.com,did:plc:5bmf4gasphvoqt4akcm6zzkv
287,davidlsims.bsky.social,did:plc:rivna5fvy5b327nebqyud6kf
288,joadsprocket.bsky.social,did:plc:3nqgwlbyx4i6j553jilcb2lo
289,patblanchfield.bsky.social,did:plc:ojwaqbq52m6vgbzylst4egqq
290,claremalone.bsky.social,did:plc:rp6vbhzxazoqnjjcfor3nwtz
291,jelaniya.bsky.social,did:plc:ydmnsxlapod5jgcxiyvgdmzc
292,xoxogossipgita.bsky.social,did:plc:yddfcdhhinii6fj6hyulnzpk
293,maxberger.bsky.social,did:plc:222rnvnta2lbl364bog2plxw
294,coreyatad.com,did:plc:guthikarwozoldkzhueivkl6
295,resnikoff.bsky.social,did:plc:qnyq7wies2uc56bzqmfz4q25
296,erikmbaker.bsky.social,did:plc:vz7bspgg7pd7d2zr2sr7vgk5
297,davekarpf.bsky.social,did:plc:ecjlc5ouev63oweq5en4lsj3
298,maxkennerly.bsky.social,did:plc:ddvus7otnqtlh7fdooxm6qat
299,gabrielwinant.bsky.social,did:plc:wlgt2kgloom7wg2m2jkhanpn
300,deephunk.bsky.social,did:plc:ynffljsn62r6x3w6gt3qhxsz
301,eliasisquith.blog,did:plc:6folivh3kuvuljku7ytxwbbf
302,dreamwieber.bsky.social,did:plc:2fvcyfzcjzacudjnybfn7rsy
303,scotttobias.bsky.social,did:plc:u37ojtrgyezq2haj2awk622j
304,gregpak.bsky.social,did:plc:j53elsjlcag3iuran5ezcy32
305,allezlesboulez.bsky.social,did:plc:4s3xyoumjievcfg7p2msgmgr
306,janecoaston.bsky.social,did:plc:dz7swnlgzjnxehyud3654vqd
307,katzish.bsky.social,did:plc:zwlj2d6nr2yun2poyvokffjy
308,rascouet.bsky.social,did:plc:6ipkvojgxoe6nv3szzyz7nrq
309,joshtpm.bsky.social,did:plc:sgti3jsgu3luif24tokvth3a
310,socialistdogmom.bsky.social,did:plc:o7ngoraxszx2hcmqpr6i3men
311,mikeduncan.bsky.social,did:plc:6yg6sch3qaju5rtoy6gx4a67
312,kleinman.bsky.social,did:plc:5jb2734ccyccx6a3hjjuzhrr
313,adamserwer.bsky.social,did:plc:lzlqyldh7nfc34pfffvd24ko
314,meredithhaggerty.bsky.social,did:plc:vdtm44nun2x34jsminfkcz4g
315,olufemiotaiwo.bsky.social,did:plc:h5zkfkc35wkb53udnemrica5
316,monicalewinsky.bsky.social,did:plc:uofdn5h77ced3nysp5thw5qk
317,kilgoretrout.bsky.social,did:plc:yxavlmxjv2j2nwvjesmq5ogl
318,elongreen.bsky.social,did:plc:zijpzw75j26esk5z2oilexan
319,moreandagain.bsky.social,did:plc:tne4x6uotoief6t5cildh75l
320,aaronrosspowell.com,did:plc:x2xmijn2egk5g67u3cwkddzy
321,kvanaren.bsky.social,did:plc:s45o2coi53wf55ufwd6r7i7j
322,prisonculture.bsky.social,did:plc:6tr6tuzlx2db3rduzr2d6r24
323,marisakabas.bsky.social,did:plc:ejihld4sywvvqwe67cdkn4jq
324,jmijin.bsky.social,did:plc:hlnzfzmzr6iqqhcfpglo73jd
325,taliajane.bsky.social,did:plc:lt7eqlk3l7u5pncvfgmcfjem
326,jay.bsky.team,did:plc:oky5czdrnfjpqslsw2a5iclo
327,eschatonblog.com,did:plc:e4musdh2uni44id3q5fhks2l
328,gruber.foo,did:plc:ddv2lahklhbpjxcmq5osnza5
329,alula.bsky.social,did:plc:yzi25mmfyjyopnrx4o3fbjhl
330,karenattiah.bsky.social,did:plc:iiofy6mupgapoiz2b3lgfyr7
331,jdcmedlock.bsky.social,did:plc:w2jujqedsm6kqfamnhzlml6b
332,notalawyer.bsky.social,did:plc:2xzjzuyrgz6dmjy2xdhlawgl
333,zeets.bsky.social,did:plc:fe25niq2h3rjbong4b32v5gj
334,lauraolin.bsky.social,did:plc:wtoczqhvztt6sfcsowigw75e
335,jaywillis.bsky.social,did:plc:bpna2qi2e44fafbhhtqjak3x
336,dieworkwear.bsky.social,did:plc:ks3gpa6ftoyaq7hmf6c4qx4c
337,sepinwall.bsky.social,did:plc:qpqyay6mqatzyyet3jdgxiwi
338,mayascade.bsky.social,did:plc:vdtmesvfxdkg2ix4sa2fqy54
339,drewtoothpaste.bsky.social,did:plc:baz3nw2zdnyfllf2prg76ukv
340,jesseltaylor.bsky.social,did:plc:fcfedums2jv4jfzvqogatc7i
341,michaelhobbes.bsky.social,did:plc:j76trmiofvaxxpvx2vnb2vwf
342,kristinchirico.bsky.social,did:plc:6ccb5uk3n7rwcwmiwrqgcfxt
343,rianjohnson.bsky.social,did:plc:ts6bnbga3z6anh2ftjsmk3my
344,johnbrownstan.bsky.social,did:plc:oc27rjm5tbfjuresfooj6xpv
345,eve6.bsky.social,did:plc:z7tqw2wfogaxv3pyrmtym7sh
346,mecha.bsky.social,did:plc:w63kc6yg7hjz6btuqjyjfk3z
347,rickywlmsbong.bsky.social,did:plc:ilpzctn6tforvjyixc37smcg
348,anildash.com,did:plc:sg2e2kqdsdp2q2zl44txadbp
349,ilhanmn.bsky.social,did:plc:gzrecn3lwymykpn5qg47n2is
350,thielman.bsky.social,did:plc:qjzrpzlcmir3bkss4b5nh6ox
351,davidjroth.bsky.social,did:plc:occa6kzqgepazfwcyzzfljbr
352,alexwinter.com,did:plc:4346ggm37cztthfhreztespj
353,amyhoy.bsky.social,did:plc:iyz5zf463ic52vqbonyu2ebu
354,varsha.bsky.social,did:plc:4zzt4acf5ux22zxjfxgxjr7n
355,pewilliams.bsky.social,did:plc:sw7clyzvb4xame6ffv2bui7c
356,epicciuto.bsky.social,did:plc:2kfemzpsbyfpzkp4op6dopoj
357,kenwhite.bsky.social,did:plc:s6j27rxb3ic2rxw73ixgqv2p
358,taniel.bsky.social,did:plc:7vj2towokzui3hgna5u5u46f
359,nitasha.bsky.social,did:plc:xzdh4uhh5ygt2djcxodxltc2
360,roxanegay.bsky.social,did:plc:sp5paqzfmzlsxazgv7hrukda
361,timbarker.bsky.social,did:plc:4ngcfmuvh3myvu4z672ee6fz
362,swordsjew.bsky.social,did:plc:z233fl2onqt7wbjkolynhsi3
363,alexnpress.bsky.social,did:plc:hqpx5pcatrooqgmxu2xgkejk
364,alexsteed.bsky.social,did:plc:uvxdxduc2ugfxlcmih3wkd2m
365,pixelatedboat.bsky.social,did:plc:mjh257xyug2mpodoyy3he5ih
366,mckelvie.bsky.social,did:plc:jsv4bjrr6di2er7k2huhrsl2
367,laurahudson.bsky.social,did:plc:la4kmt4npxuwugc347g6c7id
368,diplomatofnight.com,did:plc:vlpy6zuqqum5tumv7b6dw5fp
369,sarahjeong.bsky.social,did:plc:4t2ziwnnescprzorvmrfduey
370,aliafonzy.bsky.social,did:plc:xgjcudwc5yk4z2uex5v6e7bl
371,hannahgais.bsky.social,did:plc:rpe6pcxtult5zx2ossmkqxp3
372,amandasmith.bsky.social,did:plc:g2c7i7faf5effgregvklypdg
373,andylevy.net,did:plc:v5vphilwcf6nunioeyrpxw6g
374,notdred.bsky.social,did:plc:ifdrlmbmpk3whcpjxsgbqyqn
375,bechter.bsky.social,did:plc:fx7qowwy5mkqfpub54jejlt2
376,aedwardslevy.bsky.social,did:plc:prpvntklgieefdnv234z5gae
377,bakoon.bsky.social,did:plc:4edsja5x3gixvokf4exuy4to
378,stephenjudkins.bsky.social,did:plc:pbvdchux22p3dblf47xgtq3m
379,katienotopoulos.bsky.social,did:plc:bemgc2akibaypvewcb74ezjr
380,zitron.bsky.social,did:plc:qc6xzgctorfsm35w6i3vdebx
381,atherton.bsky.social,did:plc:6vxkf3dayl4uyc77vv6deraj
382,parkermolloy.com,did:plc:hf7ezrajxadu7v3tzcyij424
383,brandyzadrozny.bsky.social,did:plc:zha4tsu7otgnojc7uoxhjmkr
384,aoc.bsky.social,did:plc:p7gxyfr5vii5ntpwo7f6dhe2
385,timheidecker.bsky.social,did:plc:gjxw3rjsj4wres6sjjdwo47v
386,taylorlorenz.bsky.social,did:plc:wo3lxbcfvdptzxyvq3qt2rgj
387,cwarzel.bsky.social,did:plc:qnd2lqn52ernybdfonq4mc43
388,mattbinder.bsky.social,did:plc:mndtiksvxikpsy3zl6ebd2kr
389,beijingpalmer.bsky.social,did:plc:qfwinostecndnbvwwunsmihi
390,judysquirrels.bsky.social,did:plc:tmnpikcedvfhgtf5jxigameu
391,fleerultra.bsky.social,did:plc:ifnpirhh7ihbsqyee5yjrlam
392,opinionhaver.bsky.social,did:plc:43mphaebevpvjboz6vzrr6at
393,aywarhiannon.bsky.social,did:plc:ifnyyc4rxr22vgloqdpujkrm
394,caseyjohnston.bsky.social,did:plc:dehcuabwywm2aexi7qy6xekd
395,hecubiandevil.bsky.social,did:plc:bdchycnwjaduuldbtvh47sci
396,meghin.bsky.social,did:plc:gnvhtgkmq53r6tcfvvbphyx4
397,mtsw.bsky.social,did:plc:swgxwbir4rrimj57pf75jckf
398,jortsthecat.bsky.social,did:plc:izvd7uyrycpxo5c3zu2mwlrj
399,robinsonmeyer.bsky.social,did:plc:wv5oyzuuatuizbqifq6xcdcg
400,mikedrucker.bsky.social,did:plc:ul5n745uxwymqppvpiwtpoa5
401,dril.bsky.social,did:plc:6wpkkitfdkgthatfvspcfmjo
402,grug.bsky.social,did:plc:pwf67cusdbxrptb4d463rbj7
403,jpbrammer.bsky.social,did:plc:tds6tm2gzx5zva6gyfhtdmsp
404,bencollins.bsky.social,did:plc:x4qyokjtdzgl7gmqhsw4ajqj
405,drbutchermd.bsky.social,did:plc:re7htzm7xufshlv2aabn7xre
406,bigblackjacobin.bsky.social,did:plc:2jd7mrznwcfwcirhpfjw74jb
407,convolutedname.bsky.social,did:plc:ilyxejcmhg2qwqomgu2umi5v
408,faineg.bsky.social,did:plc:qiknc4t5rq7yngvz7g4aezq7
409,chadstanton.bsky.social,did:plc:cvne4fdbpqyu6qced7whinxn
410,swolecialism.bsky.social,did:plc:7kra3m5l4sl2pa6w5l35mi5f
411,golikehellmachine.com,did:plc:jb2q4yqmgpmefxd4xx66gepm
412,lauren.rotatingsandwiches.com,did:plc:3vyl2i7k2fuk7lbnmlxh3vof
413,junlper.bsky.social,did:plc:mf5dzzqkp7fnmby6blfeljwj
414,contrapoints.bsky.social,did:plc:tsf3qulwq25yo27j6eznkfix
