did,handle
did:plc:mj7z2pvnnzq42ekuvhknqh2q,clarkrogers.bsky.social
did:plc:5k4smfvjj5qswthn3kcjgzsi,aleriiav.bsky.social
did:plc:e3gvsntbugdqiiuhcaf4oto4,momoru.bsky.social
did:plc:xo4njlregqvs7qphu7px2cjk,nanoless.bsky.social
did:plc:eszwfuwmq73wx3ilswwxy3b2,l4wless.bsky.social
did:plc:ney74l7epy4jubjsm3z3x627,squeezable.bsky.social
did:plc:xngt45rtni6mdce4gesuwc4g,ruffusbleu.bsky.social
did:plc:6b2hlrq2qk5l4u45m7kjttgk,fujiyamasamoyed.bsky.social
did:plc:o3dfcohjkohex3c2oc5tkqtd,peppermintdrake.bsky.social
did:plc:oj7uyww6xijnfk7hfzd7ghd7,jackalcakes.bsky.social
did:plc:unmcb7qq3ihcopoba5oiwpqf,gunnerrott.bsky.social
did:plc:wgv7qffpyxbreahgbbqt7eca,intenselycasual.bsky.social
did:plc:ntsixvns7nyz4pdxiiucteyl,gnastystuff.bsky.social
did:plc:darim7wizvaiqd4ncbhsyh26,rai-brid.bsky.social
did:plc:3agpwcascgwsp3pst6hmell5,xpray.bsky.social
did:plc:x5zgrzzt5h2fcvr5sb43j7ii,saphiros.hyper.wang
did:plc:vildlsvr6nmtybkrvujrwovl,tfiddlerart.bsky.social
did:plc:nfls3ocvgagojltne7ntur3i,deriaz.bsky.social
did:plc:s3o2e2vjzjofypte3a2satfn,indiego.bsky.social
did:plc:5smiakmbrx67gxvqrl7bdeqz,soildweller.bsky.social
did:plc:2iqrzmhkzzkfpy2bzm24ttxd,ventiskull.bsky.social
did:plc:abzsmo2ihmt57xuw3s2nkqcy,hortensjjja.bsky.social
did:plc:qdpeiylm7xokqfxwhp74rqlu,bonfiredemon.bsky.social
did:plc:qhjt6jga5iknya5w6kj5yjso,mindofabear.bsky.social
did:plc:kerbm4u64ddsm6x4jdfucdi2,kekeflipnote.bsky.social
did:plc:d36o6qusu7h4eim44k3o2p7x,simplespirits.bsky.social
did:plc:dboi75j6pjlvgo5lob4zhpiv,taggzzz.bsky.social
did:plc:vec7y3kpsy24ruuhplg4rqgi,purplebirdman.com
did:plc:3hnziicrn6xslnpyhvydt6zz,effyneprin.bsky.social
did:plc:lste6hqdnaxtah6ooaeikhe4,bunnyhazedayz.bsky.social
did:plc:lugirlq4nkwbvoc27k55yvgt,nookdae.bsky.social
did:plc:xpvnnafe4q6f4yet2ts6miuv,orforf.bsky.social
did:plc:bnyxf2vizwb6z2ngfvrsfzww,boosterpang.bsky.social
did:plc:vk534la35kxxjxe352cbmuxu,blanclauz.bsky.social
did:plc:iiwsne5lbrs3eojv2jmehoe4,dksidediscovery.bsky.social
did:plc:r26ipyjk2qozvdndgcvxqq72,doodledox.bsky.social
did:plc:4cr7rwpia7byvqykgaldldvn,thehelmetguy.bsky.social
did:plc:ezsje5ja2bvgdcyjb2lh56c6,melonart.bsky.social
did:plc:e3fqfggqrebpqdb7k6l4jvbv,dizdoodz.bsky.social
did:plc:vrlxozevtrrxnunsa6s267ub,evezara.bsky.social
did:plc:wfwcvf7a5whsasaqjhwb7uc5,acgats.bsky.social
did:plc:rqtnkbd5xhgfstrw7w4epfs5,chunie.bsky.social
did:plc:gdqbwcchv2od54pp7eazdx5a,freeglassnsfw.bsky.social
did:plc:7bknv55rysb774sro6dd3z4y,bigreddraken.bsky.social
did:plc:3g5mwybmpquepndly5s3hmwp,mahmapuu.bsky.social
did:plc:2e76wywbevq44zr2iwqx2aqa,monokhrome.bsky.social
did:plc:xawhcpoqu6pdxpp72fd43wuf,dieselbrain.bsky.social
did:plc:ypvny7q2fa54yda4m6os4c37,nullghostart.bsky.social
did:plc:szpu2wa5dgbzpaq23a5n2hwh,squigga.bsky.social
did:plc:qs4itobvxa6jbyuhf6jw2qm2,barksquared.bsky.social
did:plc:44athciecdhwxyqysbeurkbj,jindw.bsky.social
did:plc:ci4calxob44khipxxnawqf2w,snao.bsky.social
did:plc:turmcwj5aliz52kr2xpgdtjs,stow.bsky.social
did:plc:vmifjhutx2yvjkx7msdxiuj3,erotibot.bsky.social
did:plc:bebblqcjoophre2kvwkh5de3,catsudon.art
