handle,condition
sneakyness.com,1
mooiecat.bsky.social,1
brandontheisen.bsky.social,1
infunktable.bsky.social,1
morningbender.bsky.social,1
demantius.bsky.social,1
siajkk.bsky.social,1
sighna.bsky.social,1
michael.bsky.social,1
sandtownmama419.bsky.social,1
sidswine.bsky.social,1
skruffyyy.bsky.social,1
handwarmers5.bsky.social,1
purplerose312.bsky.social,1
andrew.bsky.social,1
breeze7.bsky.social,1
courtneyann.bsky.social,1
moirae318.bsky.social,1
opebanji80577.bsky.social,1
lisat.bsky.social,1
nekko216.bsky.social,1
jessmvill.bsky.social,1
igorlollipop.bsky.social,1
salty117.bsky.social,1
penutpenut.bsky.social,1
heidip7.bsky.social,1
scarlettrose.bsky.social,1
gotchasmd.bsky.social,1
kiddie.bsky.social,1
amandaace8570.bsky.social,1
domecappa.bsky.social,1
dardoodlebug.bsky.social,1
scoanch.bsky.social,1
alliah.bsky.social,1
sconcolor.bsky.social,1
mfa67.bsky.social,1
3dthrills.bsky.social,1
raquell.bsky.social,1
winter28.bsky.social,1
