linkid,link,sociopolitical,ideology,partisan
1,https://bsky.app/profile/lubchansky.bsky.social/post/3krtbh4abqb2h,,,
2,https://bsky.app/profile/cait.bsky.social/post/3krtjpoed7w2k,,,
3,https://bsky.app/profile/tocodot.bsky.social/post/3kru4buzk4o2x,,,
4,https://bsky.app/profile/jbouie.bsky.social/post/3krtkkwk6gz2x,,,
5,https://bsky.app/profile/jbouie.bsky.social/post/3kru2e77ail2a,,,
6,https://bsky.app/profile/iboudreau.bsky.social/post/3krt7ap6ool2u,,,
7,https://bsky.app/profile/kjhealy.bsky.social/post/3krtwzn7bmt2s,,,
8,https://bsky.app/profile/theonion.com/post/3krtqy3l4cc2d,,,
9,https://bsky.app/profile/aricohn.com/post/3krtdkn5ws22q,,,
10,https://bsky.app/profile/marthawells.bsky.social/post/3krtxvtm76t2o,,,
11,https://bsky.app/profile/jbouie.bsky.social/post/3kru2cnrxvt2k,,,
12,https://bsky.app/profile/jbouie.bsky.social/post/3kruasq6tzb2h,,,
13,https://bsky.app/profile/miriam.lol/post/3krt7crk6tk2k,,,
14,https://bsky.app/profile/dariusw.bsky.social/post/3kru72efc6g26,,,
15,https://bsky.app/profile/simzart.bsky.social/post/3krts5hmidk2l,,,
16,https://bsky.app/profile/tylerhuckabee.bsky.social/post/3kruob4m37r24,,,
17,https://bsky.app/profile/ironspike.bsky.social/post/3krtqzjuwas2w,,,
18,https://bsky.app/profile/kevinmkruse.bsky.social/post/3krtcd7wxik2k,,,
19,https://bsky.app/profile/nickjbrumfield.bsky.social/post/3krtnelqaak22,,,
20,https://bsky.app/profile/kenklippenstein.bsky.social/post/3krtdyori672o,,,
21,https://bsky.app/profile/tiqalicious.bsky.social/post/3krubvbmd7222,,,
22,https://bsky.app/profile/brendelbored.bsky.social/post/3krtbfqkm5c2w,,,
23,https://bsky.app/profile/richardkadrey.bsky.social/post/3krtonw52x42v,,,
24,https://bsky.app/profile/michaelhobbes.bsky.social/post/3krt772xuxl2b,,,
25,https://bsky.app/profile/mtsw.bsky.social/post/3krtsrpwqal2g,,,
26,https://bsky.app/profile/theonion.com/post/3krvj3s56dk26,,,
27,https://bsky.app/profile/emissaryofnight.bsky.social/post/3krubezinjs2f,,,
28,https://bsky.app/profile/juergenzimmerer.bsky.social/post/3krtyi5p7dk2x,,,
29,https://bsky.app/profile/marisakabas.bsky.social/post/3krtkxlwydd2q,,,
30,https://bsky.app/profile/tsulala.bsky.social/post/3krtf2uifyp2f,,,
31,https://bsky.app/profile/abigaillarson.bsky.social/post/3krtkylci222n,,,
32,https://bsky.app/profile/theonion.com/post/3krtnfom5ao2k,,,
33,https://bsky.app/profile/theonion.com/post/3krtwcvmksd2k,,,
34,https://bsky.app/profile/foxes-in-love.bsky.social/post/3krvckvq4ct24,,,
35,https://bsky.app/profile/jbouie.bsky.social/post/3krtoubajdl2s,,,
36,https://bsky.app/profile/abbyhiggs.bsky.social/post/3krtpaulfut2g,,,
37,https://bsky.app/profile/grudgie.bsky.social/post/3krtop2t3cm2r,,,
38,https://bsky.app/profile/pbump.com/post/3krtr3gb4e32x,,,
39,https://bsky.app/profile/aspyre.bsky.social/post/3krtyj7v4aj2f,,,
40,https://bsky.app/profile/denniskberlin.bsky.social/post/3krtemygzrs2u,,,
41,https://bsky.app/profile/tfiddlerart.bsky.social/post/3krtkpyr5sf2i,,,
42,https://bsky.app/profile/portdrift.bsky.social/post/3kruk7wgjmz2x,,,
43,https://bsky.app/profile/creeps.bsky.social/post/3krtlthylcl2u,,,
44,https://bsky.app/profile/tiny.baby/post/3krtslw72x222,,,
45,https://bsky.app/profile/lschmeiser.bsky.social/post/3krublv5xzu2g,,,
46,https://bsky.app/profile/bodegacats.bsky.social/post/3krtywtguz32g,,,
47,https://bsky.app/profile/taltgeld.bsky.social/post/3krtqmfc2ob2e,,,
48,https://bsky.app/profile/tomscocca.bsky.social/post/3krtqpa7rzh26,,,
49,https://bsky.app/profile/rincewind.run/post/3krtv2dho6u2r,,,
50,https://bsky.app/profile/otsumamiboy.bsky.social/post/3krtmz4funf22,,,
51,https://bsky.app/profile/lulaoficial.bsky.social/post/3krtu67d56v26,,,
52,https://bsky.app/profile/jcsalterego.bsky.social/post/3kru6fbth4v2i,,,
53,https://bsky.app/profile/cait.bsky.social/post/3kru5mpoklk2r,,,
54,https://bsky.app/profile/everydaylouie.bsky.social/post/3kru436qi3224,,,
55,https://bsky.app/profile/cait.bsky.social/post/3krui4aeitg24,,,
56,https://bsky.app/profile/scalzi.com/post/3krtlsuvybc2n,,,
57,https://bsky.app/profile/chrisgeidner.bsky.social/post/3kru6qiz2yl2f,,,
58,https://bsky.app/profile/lulaoficial.bsky.social/post/3krtdko2ovz2s,,,
59,https://bsky.app/profile/joergspengler.bsky.social/post/3krtjnlptx22o,,,
60,https://bsky.app/profile/catsofyore.bsky.social/post/3kruhrmxxpl2z,,,
61,https://bsky.app/profile/chlowski.bsky.social/post/3krtnr5mjkg2l,,,
62,https://bsky.app/profile/lolgop.bsky.social/post/3krvcove7r524,,,
63,https://bsky.app/profile/catsofyore.bsky.social/post/3kru4vktau32n,,,
64,https://bsky.app/profile/kevinmkruse.bsky.social/post/3krtk6nlgts27,,,
65,https://bsky.app/profile/christianeymery.bsky.social/post/3krthvprljp2g,,,
66,https://bsky.app/profile/kilgoretrout.bsky.social/post/3krtvrbvzff24,,,
67,https://bsky.app/profile/sharkcat.bsky.social/post/3krt7gtkazh2m,,,
68,https://bsky.app/profile/catbus.bsky.social/post/3krts7hipel2t,,,
69,https://bsky.app/profile/attackerman.bsky.social/post/3krtjbhkcos2a,,,
70,https://bsky.app/profile/secondlina.bsky.social/post/3krtiyv2atw2o,,,
71,https://bsky.app/profile/sailorrooscout.bsky.social/post/3krtgp6l4pc2x,,,
72,https://bsky.app/profile/dly.bsky.social/post/3krtkbcioyk25,,,
73,https://bsky.app/profile/cyrenatouros.bsky.social/post/3krtco34gh22x,,,
74,https://bsky.app/profile/tocodot.bsky.social/post/3krva4xubwg2x,,,
75,https://bsky.app/profile/mkreutzfeldt.bsky.social/post/3krturc4fcb2a,,,
76,https://bsky.app/profile/lukelukeluke.bsky.social/post/3krt6t4g7i22q,,,
77,https://bsky.app/profile/hausofdecline.bsky.social/post/3krtbnhenkz2p,,,
78,https://bsky.app/profile/sethcotlar.bsky.social/post/3krtpwsjzlc2d,,,
79,https://bsky.app/profile/xkcd.com/post/3krvm3lc7y22h,,,
80,https://bsky.app/profile/cscharun.bsky.social/post/3kruwvsxpjm26,,,
81,https://bsky.app/profile/nkalamb.bsky.social/post/3krubwiinks2l,,,
82,https://bsky.app/profile/foxfeather.bsky.social/post/3krtn2o62s22z,,,
83,https://bsky.app/profile/jbouie.bsky.social/post/3krtttlbcc32k,,,
84,https://bsky.app/profile/obscuricom.bsky.social/post/3krvcoujdet23,,,
85,https://bsky.app/profile/jbouie.bsky.social/post/3kru2ewo3tl2s,,,
86,https://bsky.app/profile/mtsw.bsky.social/post/3krtdjgz5fc2u,,,
87,https://bsky.app/profile/squeezable.bsky.social/post/3krtikf34h22b,,,
88,https://bsky.app/profile/narkosedoc.bsky.social/post/3krtqxe3x6c2t,,,
89,https://bsky.app/profile/celeryman.bsky.social/post/3krtodw5wld2q,,,
90,https://bsky.app/profile/jonbois.bsky.social/post/3krtepdpabz2x,,,
91,https://bsky.app/profile/kenwhite.bsky.social/post/3krtj67jtxl2e,,,
92,https://bsky.app/profile/lazarorosa.bsky.social/post/3krtqjgjcsk24,,,
93,https://bsky.app/profile/ixy.bsky.social/post/3krunlqwi6c2i,,,
94,https://bsky.app/profile/golikehellmachine.bsky.social/post/3krte5qx3ks23,,,
95,https://bsky.app/profile/ironspike.bsky.social/post/3krtyxaamcl2k,,,
96,https://bsky.app/profile/radleybalko.bsky.social/post/3kruhjb3dic2u,,,
97,https://bsky.app/profile/willquinnart.bsky.social/post/3kruoqj367l2e,,,
98,https://bsky.app/profile/niedermeyer.io/post/3krtbeslgsl2r,,,
99,https://bsky.app/profile/kenwhite.bsky.social/post/3krubgmbllb2m,,,
100,https://bsky.app/profile/mackenzievogt.bsky.social/post/3kru5dg2xpg2o,,,
101,https://bsky.app/profile/miriam.lol/post/3krv6rsfw5v2s,,,
102,https://bsky.app/profile/catsofyore.bsky.social/post/3kruzyt3okx2x,,,
103,https://bsky.app/profile/emptywheel.bsky.social/post/3kru6r53lk22n,,,
104,https://bsky.app/profile/kenwhite.bsky.social/post/3kru7r73xce2t,,,
105,https://bsky.app/profile/jrjr.esq/post/3krud4a4f3o2v,,,
106,https://bsky.app/profile/mmfa.bsky.social/post/3krtpll5a6s2b,,,
107,https://bsky.app/profile/lulaoficial.bsky.social/post/3kru5nrcw2v2f,,,
108,https://bsky.app/profile/otsumamiboy.bsky.social/post/3krtwqaxjg42g,,,
109,https://bsky.app/profile/scalzi.com/post/3kruelp6epc24,,,
110,https://bsky.app/profile/ironspike.bsky.social/post/3krtqezepkr2h,,,
111,https://bsky.app/profile/jay.bsky.team/post/3krtpbnhx422u,,,
112,https://bsky.app/profile/hoofen.bsky.social/post/3krte3vjwn227,,,
113,https://bsky.app/profile/attackerman.bsky.social/post/3krtifuof632k,,,
114,https://bsky.app/profile/therealdrwaumiau.bsky.social/post/3krv7cqujq22x,,,
115,https://bsky.app/profile/emilylhauser.bsky.social/post/3kruijiitbl26,,,
116,https://bsky.app/profile/beijingpalmer.bsky.social/post/3krtg646dy42g,,,
117,https://bsky.app/profile/eva.computer/post/3kruksyo6fp22,,,
118,https://bsky.app/profile/kenwhite.bsky.social/post/3krtoszj2tr2z,,,
119,https://bsky.app/profile/awwchang.bsky.social/post/3krtnggx4zc2w,,,
120,https://bsky.app/profile/uekuraeku.bsky.social/post/3krurrmnlql2w,,,
121,https://bsky.app/profile/squeaky.bsky.social/post/3krtu4ruwvd2n,,,
122,https://bsky.app/profile/kenwhite.bsky.social/post/3krubz5gvws2n,,,
123,https://bsky.app/profile/internethippo.bsky.social/post/3kruio2zzxk2l,,,
124,https://bsky.app/profile/pardoguerra.bsky.social/post/3krtwhciydi2s,,,
125,https://bsky.app/profile/guardian-world-rss.bsky.social/post/3krtdfmn2vt2f,,,
126,https://bsky.app/profile/nameshiv.bsky.social/post/3krt7ryr4yp2o,,,
127,https://bsky.app/profile/kenwhite.bsky.social/post/3krtnly76t324,,,
128,https://bsky.app/profile/neilhimself.neilgaiman.com/post/3krtb4xi3wc2w,,,
129,https://bsky.app/profile/caseyjohnston.bsky.social/post/3krtztv5bp62z,,,
130,https://bsky.app/profile/erinbiba.bsky.social/post/3kru5ux6b2b2x,,,
131,https://bsky.app/profile/edburmila.bsky.social/post/3kru32plob32q,,,
132,https://bsky.app/profile/stephenkb.bsky.social/post/3krvg2kw5nc22,,,
133,https://bsky.app/profile/profmusgrave.bsky.social/post/3krujc4iok52k,,,
134,https://bsky.app/profile/marghoul.bsky.social/post/3krucsnmrm622,,,
135,https://bsky.app/profile/drewtoothpaste.bsky.social/post/3krtmbi6zcs2j,,,
136,https://bsky.app/profile/kenwhite.bsky.social/post/3krtmko3gqg26,,,
137,https://bsky.app/profile/michaelwhelan.bsky.social/post/3krtbd7w4x22o,,,
138,https://bsky.app/profile/jefftiedrich.bsky.social/post/3krth2hxxwu2u,,,
139,https://bsky.app/profile/lukelukeluke.bsky.social/post/3krt6fe7q362g,,,
140,https://bsky.app/profile/sarahmackattack.bsky.social/post/3krtbufjyi227,,,
141,https://bsky.app/profile/mtsw.bsky.social/post/3krtfc632hi2v,,,
142,https://bsky.app/profile/milesklee.bsky.social/post/3kruhdeg24k25,,,
143,https://bsky.app/profile/eladn.bsky.social/post/3krug3rinwf2q,,,
144,https://bsky.app/profile/hillarymonahan.bsky.social/post/3krtw6yxs4s2h,,,
145,https://bsky.app/profile/cait.bsky.social/post/3krtk37ge5b2d,,,
146,https://bsky.app/profile/pizzalawyer420.bsky.social/post/3krtztbpqz32p,,,
147,https://bsky.app/profile/kenwhite.bsky.social/post/3krucbglzed2o,,,
148,https://bsky.app/profile/zitron.bsky.social/post/3kruaeo6eld2q,,,
149,https://bsky.app/profile/ansgartrinkmann.bsky.social/post/3krtead4ae22o,,,
150,https://bsky.app/profile/sleepinggiantsbr.bsky.social/post/3krtvbkxf2m2t,,,
151,https://bsky.app/profile/aluhnim.bsky.social/post/3kruagfmsuc24,,,
152,https://bsky.app/profile/byelacey.bsky.social/post/3krtms6qzvc2j,,,
153,https://bsky.app/profile/kenwhite.bsky.social/post/3kruoweqf722l,,,
154,https://bsky.app/profile/jelenawoehr.bsky.social/post/3kruoqvri6a23,,,
155,https://bsky.app/profile/djenaboudialloh.bsky.social/post/3krv3fnd2wh2w,,,
156,https://bsky.app/profile/mmasnick.bsky.social/post/3kru6usxbus2y,,,
157,https://bsky.app/profile/brendelbored.bsky.social/post/3krtodsqmjr2x,,,
158,https://bsky.app/profile/chuckwendig.bsky.social/post/3krtebvugdv26,,,
159,https://bsky.app/profile/uncleduke1969.bsky.social/post/3krthpg5wf22z,,,
160,https://bsky.app/profile/kashana.bsky.social/post/3krueol3msw2k,,,
161,https://bsky.app/profile/partyinthefront.bsky.social/post/3kruviaiazl2b,,,
162,https://bsky.app/profile/andreagrimes.bsky.social/post/3krtabwy7s22y,,,
163,https://bsky.app/profile/billcorbett.bsky.social/post/3krt7h4ndex2c,,,
164,https://bsky.app/profile/bodegacats.bsky.social/post/3krtyx4pj6b2m,,,
165,https://bsky.app/profile/bebeneuwirth.bsky.social/post/3kruqghhenk2i,,,
166,https://bsky.app/profile/neilhimself.neilgaiman.com/post/3krth6ige3s2q,,,
167,https://bsky.app/profile/hammancheez.bsky.social/post/3krtux7tkmy2v,,,
168,https://bsky.app/profile/profmusgrave.bsky.social/post/3krudhch5262j,,,
169,https://bsky.app/profile/samandfuzzy.bsky.social/post/3krtn7ne3oa2c,,,
170,https://bsky.app/profile/radicalgraffiti.bsky.social/post/3kruhi4gqzz2r,,,
171,https://bsky.app/profile/brooklynmarie.bsky.social/post/3krtuuv2dmt27,,,
172,https://bsky.app/profile/scottmalin.bsky.social/post/3krtjy6mdgo2t,,,
173,https://bsky.app/profile/womensart1.bsky.social/post/3kruv2xmqfz25,,,
174,https://bsky.app/profile/annamerlan.bsky.social/post/3krudzlw4jn25,,,
175,https://bsky.app/profile/wildeny.bsky.social/post/3krulujazi52u,,,
176,https://bsky.app/profile/jrjr.esq/post/3kru2zbrhio2g,,,
177,https://bsky.app/profile/yourhappyhost.com/post/3krthcq7ovx26,,,
178,https://bsky.app/profile/jbouie.bsky.social/post/3kru3intp6226,,,
179,https://bsky.app/profile/denniskberlin.bsky.social/post/3krtpme6zfd26,,,
180,https://bsky.app/profile/gerechtgericht.bsky.social/post/3kruzr6cbll2i,,,
181,https://bsky.app/profile/gonebabygone.bsky.social/post/3krtqolorlc2q,,,
182,https://bsky.app/profile/illdottore.bsky.social/post/3kruiteho5s2p,,,
183,https://bsky.app/profile/meshio041.bsky.social/post/3krvcgfqswg2f,,,
184,https://bsky.app/profile/zephyxus.bsky.social/post/3krtlgcd4ey2c,,,
185,https://bsky.app/profile/swiftonsecurity.com/post/3krucvy2cxv24,,,
186,https://bsky.app/profile/cooperlund.bsky.social/post/3krugubirac2k,,,
187,https://bsky.app/profile/theferocity.bsky.social/post/3krua5muvhk2y,,,
188,https://bsky.app/profile/rosuuri.bsky.social/post/3kruc5xaeak2e,,,
189,https://bsky.app/profile/opossumcorn.bsky.social/post/3krtvgxvwkr23,,,
190,https://bsky.app/profile/karlbode.bsky.social/post/3krtrgykk242u,,,
191,https://bsky.app/profile/secondlina.bsky.social/post/3krtj722m422z,,,
192,https://bsky.app/profile/zitron.bsky.social/post/3krti7q5trd2q,,,
193,https://bsky.app/profile/kevinmkruse.bsky.social/post/3kru2drxspb2h,,,
194,https://bsky.app/profile/hyenamancer.bsky.social/post/3kru5fsk2dx23,,,
195,https://bsky.app/profile/kentito.bsky.social/post/3krurdzhoqc22,,,
196,https://bsky.app/profile/darthbluesky.bsky.social/post/3krucmbqnwd2e,,,
197,https://bsky.app/profile/brooklynmarie.bsky.social/post/3krthy7wsgp2f,,,
198,https://bsky.app/profile/blueheronfarm.bsky.social/post/3krujsvxa2w2w,,,
199,https://bsky.app/profile/prisonculture.bsky.social/post/3krufmxgnil2n,,,
200,https://bsky.app/profile/kekeke2024.bsky.social/post/3krtyuakuxm2g,,,
201,https://bsky.app/profile/lulaoficial.bsky.social/post/3kruhgkgbem2h,,,
202,https://bsky.app/profile/maladroithe.bsky.social/post/3krtfotkr4c2h,,,
203,https://bsky.app/profile/amalelmohtar.com/post/3kruwegw2vj25,,,
204,https://bsky.app/profile/himmapaan.bsky.social/post/3krtw5h5ngk25,,,
205,https://bsky.app/profile/drewtoothpaste.bsky.social/post/3krug6woo4v2b,,,
206,https://bsky.app/profile/mtsw.bsky.social/post/3krtgrubsck2q,,,
207,https://bsky.app/profile/darthbluesky.bsky.social/post/3kruv6rpiyo26,,,
208,https://bsky.app/profile/kashana.bsky.social/post/3kru2spbbpb2d,,,
209,https://bsky.app/profile/heyshivana.bsky.social/post/3krtxvlqxcp2e,,,
210,https://bsky.app/profile/nytimes.com/post/3krtpeguyyw2g,,,
211,https://bsky.app/profile/kiriyu.bsky.social/post/3krt6s2ttle2i,,,
212,https://bsky.app/profile/nicholasgrossman.bsky.social/post/3krtbxaonj624,,,
213,https://bsky.app/profile/lindberghfarias.bsky.social/post/3krttp5usep2p,,,
214,https://bsky.app/profile/scalzi.com/post/3krufvjv7ib2z,,,
215,https://bsky.app/profile/mommunism.bsky.social/post/3krttr7gny32g,,,
216,https://bsky.app/profile/iceghost.bsky.social/post/3krtmw4obhz2g,,,
217,https://bsky.app/profile/gleisi.bsky.social/post/3krujqz4wti2v,,,
218,https://bsky.app/profile/pikaole.bsky.social/post/3krubfolxvt2g,,,
219,https://bsky.app/profile/juicysteak117.gay/post/3krua5amiuu2d,,,
220,https://bsky.app/profile/guganoblat.bsky.social/post/3kru6nm6oid2t,,,
221,https://bsky.app/profile/psudonym.bsky.social/post/3krtqxteehb2e,,,
222,https://bsky.app/profile/gibagibagiba.bsky.social/post/3krtdcvpajn2s,,,
223,https://bsky.app/profile/crobertcargill.bsky.social/post/3krtkr6x5bt2s,,,
224,https://bsky.app/profile/lalalalack.bsky.social/post/3krvbhfdy6z2l,,,
225,https://bsky.app/profile/gbbranstetter.bsky.social/post/3krtvicfghp2w,,,
226,https://bsky.app/profile/acab4cutie.top/post/3krtvks7yj223,,,
227,https://bsky.app/profile/sonourable.bsky.social/post/3krtsecozdt2b,,,
228,https://bsky.app/profile/peterorlowicz.bsky.social/post/3krtq4qtlrk2u,,,
229,https://bsky.app/profile/coachfinstock.bsky.social/post/3kru5v6tolx2p,,,
230,https://bsky.app/profile/texasinafrica.bsky.social/post/3krt77i5zpc24,,,
231,https://bsky.app/profile/queenjolene.bsky.social/post/3krudz6mu5d2o,,,
232,https://bsky.app/profile/kyodotter.bsky.social/post/3krtc7vaskl2u,,,
233,https://bsky.app/profile/nycsouthpaw.bsky.social/post/3krtesvthes2x,,,
234,https://bsky.app/profile/hilzoy.bsky.social/post/3krta7ueyks2k,,,
235,https://bsky.app/profile/kevinmkruse.bsky.social/post/3krtrhm3kxc27,,,
236,https://bsky.app/profile/pookleblinky.bsky.social/post/3krtlzjsfd22f,,,
237,https://bsky.app/profile/blauekastanie.bsky.social/post/3krtp24t4fh2h,,,
238,https://bsky.app/profile/junlper.bsky.social/post/3kru3g2g3in2k,,,
239,https://bsky.app/profile/theferocity.bsky.social/post/3krtfuc4jb22y,,,
240,https://bsky.app/profile/mica4711.bsky.social/post/3krtew7fssc2p,,,
241,https://bsky.app/profile/lanyardigan.bsky.social/post/3krtfjrdou227,,,
242,https://bsky.app/profile/2tkinfo.bsky.social/post/3krv66zny4t2s,,,
243,https://bsky.app/profile/artdecade.bsky.social/post/3krtxifvipc22,,,
244,https://bsky.app/profile/xoxogossipgita.bsky.social/post/3krtkkhr4rp26,,,
245,https://bsky.app/profile/mayawest.online/post/3kruiyiicdx2t,,,
246,https://bsky.app/profile/scaleandtale.bsky.social/post/3krtsl5h2at2g,,,
247,https://bsky.app/profile/huffslove.bsky.social/post/3krtny72q2d2k,,,
248,https://bsky.app/profile/jbouie.bsky.social/post/3krtc4szsf225,,,
249,https://bsky.app/profile/darthbluesky.bsky.social/post/3kruaazigb722,,,
250,https://bsky.app/profile/snackalgorithm.bsky.social/post/3krty3aq7gd24,,,
251,https://bsky.app/profile/thespaceshipper.bsky.social/post/3krv4kr3ejk2u,,,
252,https://bsky.app/profile/senhorarivotril.bsky.social/post/3krtetrmirg2w,,,
253,https://bsky.app/profile/proofofburden.bsky.social/post/3kru52z2xol2g,,,
254,https://bsky.app/profile/bruteandbrawn.bsky.social/post/3krtj4l7jux2w,,,
255,https://bsky.app/profile/daveanthony.bsky.social/post/3krtyarn7s224,,,
256,https://bsky.app/profile/pompei79.bsky.social/post/3krthjudyaw2r,,,
257,https://bsky.app/profile/denniskberlin.bsky.social/post/3krtuzlau7k2t,,,
258,https://bsky.app/profile/hazelmonforton.com/post/3krtfsnvfoy2t,,,
259,https://bsky.app/profile/mtsw.bsky.social/post/3krtpezvsb42g,,,
260,https://bsky.app/profile/kiri9t1.bsky.social/post/3krtxk36dfi23,,,
261,https://bsky.app/profile/dustinn.bsky.social/post/3krtem4kdes2b,,,
262,https://bsky.app/profile/jbouie.bsky.social/post/3krub5b2ux224,,,
263,https://bsky.app/profile/fizzeru.bsky.social/post/3krtk3mcz7t2q,,,
264,https://bsky.app/profile/timescarcass.bsky.social/post/3krtwlkuoxd2r,,,
265,https://bsky.app/profile/lindberghfarias.bsky.social/post/3krtmmjocgn2w,,,
266,https://bsky.app/profile/alexsegura.bsky.social/post/3krtcfsx3md2n,,,
267,https://bsky.app/profile/emilylhauser.bsky.social/post/3kruisvipxo26,,,
268,https://bsky.app/profile/proptermalone.bsky.social/post/3krtu7v2dp322,,,
269,https://bsky.app/profile/k1m.bsky.social/post/3krtstral7k2c,,,
270,https://bsky.app/profile/realalbundy.bsky.social/post/3krtqquubdl2k,,,
271,https://bsky.app/profile/kittbetelgeuse.bsky.social/post/3krtryifbhe2g,,,
272,https://bsky.app/profile/kenwhite.bsky.social/post/3krtn4m6bwd2f,,,
273,https://bsky.app/profile/goldstein.bsky.social/post/3krtz7szu5h2h,,,
274,https://bsky.app/profile/pepperhund.bsky.social/post/3krur7iddgg2j,,,
275,https://bsky.app/profile/vandroidhelsing.bsky.social/post/3kru7x66nam2g,,,
276,https://bsky.app/profile/peterjelinek.bsky.social/post/3krtod4huw22t,,,
277,https://bsky.app/profile/illdottore.bsky.social/post/3kruikkqcwo26,,,
278,https://bsky.app/profile/markusg.bsky.social/post/3krtqak2zfj2z,,,
279,https://bsky.app/profile/otsumamiboy.bsky.social/post/3krtm3r7cjx26,,,
280,https://bsky.app/profile/nuge.bsky.social/post/3krueddhi2t2v,,,
281,https://bsky.app/profile/tocodot.bsky.social/post/3kru6jmfa6f2q,,,
282,https://bsky.app/profile/bunnyhazedayz.bsky.social/post/3kruk6xc2wv2y,,,
283,https://bsky.app/profile/johann-v-d-bron.bsky.social/post/3krtoadlanb2f,,,
284,https://bsky.app/profile/kokosetto.bsky.social/post/3kruclawjhd2g,,,
285,https://bsky.app/profile/ovs.verhaltenskreativ.de/post/3krtfbmcdac2z,,,
286,https://bsky.app/profile/foxovh.bsky.social/post/3kru55czn4d22,,,
287,https://bsky.app/profile/henkensecond.bsky.social/post/3krt7eghjhu2q,,,
288,https://bsky.app/profile/peterstefanovic.bsky.social/post/3krt72yptvs26,,,
289,https://bsky.app/profile/theonion.com/post/3krtdkbhu4326,,,
290,https://bsky.app/profile/maggy.kia.net/post/3krugpgztgq2j,,,
291,https://bsky.app/profile/babybearish.bsky.social/post/3krtaerucet2r,,,
292,https://bsky.app/profile/cunabula.bsky.social/post/3krtquoaibt2w,,,
293,https://bsky.app/profile/matryoska.bsky.social/post/3krudhcjm3s25,,,
294,https://bsky.app/profile/stovey.thequeer.house/post/3krucrr3gts2f,,,
295,https://bsky.app/profile/darthbluesky.bsky.social/post/3kru3nejizu2t,,,
296,https://bsky.app/profile/artbutmakeitsports.bsky.social/post/3kruo6qog5z2o,,,
297,https://bsky.app/profile/tohdraws.bsky.social/post/3krtvgvxmec2s,,,
298,https://bsky.app/profile/jason1749.bsky.social/post/3kru2wcv2bg2p,,,
299,https://bsky.app/profile/leosakamoto.bsky.social/post/3krtig34eaa2r,,,
300,https://bsky.app/profile/liviakir.bsky.social/post/3kru4c5w5bn2v,,,
301,https://bsky.app/profile/rincewind.run/post/3kru36kfk472q,,,
302,https://bsky.app/profile/kinuta3103.bsky.social/post/3krtwagjrnn2w,,,
303,https://bsky.app/profile/ruemcclammyhand.bsky.social/post/3kru4hb6jwx23,,,
304,https://bsky.app/profile/sixthleafclover.com/post/3krtwymfkst2e,,,
305,https://bsky.app/profile/romulobdias.bsky.social/post/3krtsogiaz72e,,,
306,https://bsky.app/profile/neilhimself.neilgaiman.com/post/3krtmzcy4522h,,,
307,https://bsky.app/profile/ugarles.bsky.social/post/3kruhudoqo626,,,
308,https://bsky.app/profile/maxkennerly.bsky.social/post/3krtt5kilrs2u,,,
309,https://bsky.app/profile/nkalamb.bsky.social/post/3krtqgpk2f52q,,,
310,https://bsky.app/profile/pierpaolo.bsky.social/post/3krtlsb6agd24,,,
311,https://bsky.app/profile/emilyonhere.gay/post/3krtddyul5d2g,,,
312,https://bsky.app/profile/guido-kuehn.bsky.social/post/3krvafng7e32o,,,
313,https://bsky.app/profile/tera11.bsky.social/post/3kru5t7iwgf2g,,,
314,https://bsky.app/profile/honovy.bsky.social/post/3krtq2jan7t2w,,,
315,https://bsky.app/profile/anildash.com/post/3krtj2qswvx22,,,
316,https://bsky.app/profile/rincewind.run/post/3krteb4nsht27,,,
317,https://bsky.app/profile/marygillis.bsky.social/post/3kru43sqqec2k,,,
318,https://bsky.app/profile/pedroronchi.bsky.social/post/3krtud3z5ha2g,,,
319,https://bsky.app/profile/elhotzo.bsky.social/post/3krtsey5h362l,,,
320,https://bsky.app/profile/pizzalawyer420.bsky.social/post/3krtlu2pmb22y,,,
321,https://bsky.app/profile/secondlina.bsky.social/post/3krtj2r4qfr2t,,,
322,https://bsky.app/profile/bestofdyingtwit.bsky.social/post/3krtcdrzj6u2g,,,
323,https://bsky.app/profile/retrotechdreams.bsky.social/post/3krtbbgnt6d26,,,
324,https://bsky.app/profile/marichal.bsky.social/post/3krtsy7gmrs2t,,,
325,https://bsky.app/profile/guido-kuehn.bsky.social/post/3krv6eyz7ip2r,,,
326,https://bsky.app/profile/lulaoficial.bsky.social/post/3krtu6ugz4e2b,,,
327,https://bsky.app/profile/guilhermeboulos.bsky.social/post/3krtf3obejp2r,,,
328,https://bsky.app/profile/jbouie.bsky.social/post/3krubewvpab2x,,,
329,https://bsky.app/profile/jsx.bsky.social/post/3kru2juhltc2m,,,
330,https://bsky.app/profile/theferocity.bsky.social/post/3krtwd7ywj22d,,,
331,https://bsky.app/profile/benedictsred.bsky.social/post/3krtm2rib3d26,,,
332,https://bsky.app/profile/cait.bsky.social/post/3krtfox4bxm2g,,,
333,https://bsky.app/profile/claasgefroi.bsky.social/post/3kruzrz66732e,,,
334,https://bsky.app/profile/emissaryofnight.bsky.social/post/3krubgsidwu2j,,,
335,https://bsky.app/profile/katmabu.bsky.social/post/3krtbc3tui42f,,,
336,https://bsky.app/profile/bodegacats.bsky.social/post/3krvk5qezqg2m,,,
337,https://bsky.app/profile/maralil13.bsky.social/post/3krubbum3a62r,,,
338,https://bsky.app/profile/megrocks.com/post/3krtph6otul2o,,,
339,https://bsky.app/profile/sleepimali.bsky.social/post/3krtisvce7t2w,,,
340,https://bsky.app/profile/colleendoran.bsky.social/post/3krurbkf4yc2y,,,
341,https://bsky.app/profile/mafiakajita.bsky.social/post/3kruqky4oe32e,,,
342,https://bsky.app/profile/pt-brasil.bsky.social/post/3kru3f3egua2q,,,
343,https://bsky.app/profile/hilzoy.bsky.social/post/3krt7r5g7w22t,,,
344,https://bsky.app/profile/paleofuture.bsky.social/post/3krutz6hjzk2k,,,
345,https://bsky.app/profile/themckenziest.gay/post/3kru5fgxzjr2h,,,
346,https://bsky.app/profile/blacksalander.bsky.social/post/3krtukpbykg2b,,,
347,https://bsky.app/profile/kenwhite.bsky.social/post/3krtpt4pv232f,,,
348,https://bsky.app/profile/arakencloud.bsky.social/post/3krtenzgrym2t,,,
349,https://bsky.app/profile/emilylhauser.bsky.social/post/3kruh2g4afo2z,,,
350,https://bsky.app/profile/katjadiehl.bsky.social/post/3krtnaye4t222,,,
351,https://bsky.app/profile/sixtus.net/post/3krutif7eo42u,,,
352,https://bsky.app/profile/blueheronfarm.bsky.social/post/3kruewyasvl2i,,,
353,https://bsky.app/profile/ruemcclammyhand.bsky.social/post/3krucl2wdz22e,,,
354,https://bsky.app/profile/jimmyjimsjim.bsky.social/post/3krtjuvirm72q,,,
355,https://bsky.app/profile/xoxogossipgita.bsky.social/post/3krtjksmxhz2f,,,
356,https://bsky.app/profile/kekeke2024.bsky.social/post/3krupqii3du2y,,,
357,https://bsky.app/profile/tp6to24tg.bsky.social/post/3krulrn2rip2k,,,
358,https://bsky.app/profile/techconnectify.bsky.social/post/3kru4jkubaj2d,,,
359,https://bsky.app/profile/brendelbored.bsky.social/post/3krt7ing5nj2h,,,
360,https://bsky.app/profile/imalterfische.bsky.social/post/3krv6rpwakr27,,,
361,https://bsky.app/profile/philplait.bsky.social/post/3kruivyomgk2j,,,
362,https://bsky.app/profile/prisonculture.bsky.social/post/3krtsadrjio2p,,,
363,https://bsky.app/profile/jdotj.bsky.social/post/3krucinlxft2b,,,
364,https://bsky.app/profile/kane01.bsky.social/post/3krtzgrmurw2o,,,
365,https://bsky.app/profile/cait.bsky.social/post/3krtkjpaeh32p,,,
366,https://bsky.app/profile/pimenta13br.bsky.social/post/3krtda4u22s2q,,,
367,https://bsky.app/profile/gbbranstetter.bsky.social/post/3krvg3xqlyt2d,,,
368,https://bsky.app/profile/deadnoodles.bsky.social/post/3kruz3uccfd2p,,,
369,https://bsky.app/profile/mitchellepner.bsky.social/post/3krtbfdwsbc26,,,
370,https://bsky.app/profile/frogletcomics.bsky.social/post/3kru2oisr2222,,,
371,https://bsky.app/profile/katzish.bsky.social/post/3krujafwikk2h,,,
372,https://bsky.app/profile/themckenziest.gay/post/3krtu3u7aad2a,,,
373,https://bsky.app/profile/brasil247.bsky.social/post/3krtcqvvbox2b,,,
374,https://bsky.app/profile/nowarbutclasswar.bsky.social/post/3krte2rlysg2p,,,
375,https://bsky.app/profile/npr.org/post/3krtwgf7m7t2d,,,
376,https://bsky.app/profile/lolgop.bsky.social/post/3krtocjgjwi26,,,
377,https://bsky.app/profile/shaythemutt.bsky.social/post/3krt6d3mj6b23,,,
378,https://bsky.app/profile/emissaryofnight.bsky.social/post/3krttcg765k2q,,,
379,https://bsky.app/profile/nanoraptor.danamania.com/post/3krvisricb727,,,
380,https://bsky.app/profile/brendelbored.bsky.social/post/3krta7hmjbk2w,,,
381,https://bsky.app/profile/ingwarpero.bsky.social/post/3krv5znzhft2x,,,
382,https://bsky.app/profile/sirsethamus.bsky.social/post/3krtrwmibpd2s,,,
383,https://bsky.app/profile/joshuajfriedman.com/post/3krtodmcfve2g,,,
384,https://bsky.app/profile/effinbirds.com/post/3krthqgr66k2q,,,
385,https://bsky.app/profile/scalzi.com/post/3krtzhir35l2v,,,
386,https://bsky.app/profile/iboudreau.bsky.social/post/3krvkeskyyd2x,,,
387,https://bsky.app/profile/romulobdias.bsky.social/post/3krvel6jy6s2v,,,
388,https://bsky.app/profile/nonoworks.bsky.social/post/3krthzlrxs32v,,,
389,https://bsky.app/profile/niedermeyer.io/post/3krtbhtmutb2i,,,
390,https://bsky.app/profile/neilhimself.neilgaiman.com/post/3krtb2kypjc2y,,,
391,https://bsky.app/profile/mommunism.bsky.social/post/3krtsrrgvb22u,,,
392,https://bsky.app/profile/janskudlarek.bsky.social/post/3krtmvel2dt2j,,,
393,https://bsky.app/profile/kenwhite.bsky.social/post/3krtmu7tlj32f,,,
394,https://bsky.app/profile/swolecialism.bsky.social/post/3krtk3i5wg32r,,,
395,https://bsky.app/profile/effyneprin.bsky.social/post/3krtme4e7wl2c,,,
396,https://bsky.app/profile/cmpriest.bsky.social/post/3krtiwrcsh22n,,,
397,https://bsky.app/profile/neilhimself.neilgaiman.com/post/3krtgnib3ic2p,,,
398,https://bsky.app/profile/benteliciousart.bsky.social/post/3kruwyo277426,,,
399,https://bsky.app/profile/nataliabonavides.bsky.social/post/3krug7w7s7z2p,,,
400,https://bsky.app/profile/lubchansky.bsky.social/post/3krtkic6vic26,,,
401,https://bsky.app/profile/bunnyhazedayz.bsky.social/post/3krtk32rsaj2f,,,
402,https://bsky.app/profile/neolithicsheep.bsky.social/post/3krtc2ah32d2g,,,
403,https://bsky.app/profile/theradr.bsky.social/post/3krtwljf5hs2j,,,
404,https://bsky.app/profile/secondlina.bsky.social/post/3krtj66gadf2i,,,
405,https://bsky.app/profile/petersagal.bsky.social/post/3krter4gyrs2t,,,
406,https://bsky.app/profile/nickjbrumfield.bsky.social/post/3krupsgsajc2i,,,
407,https://bsky.app/profile/aubryjoi.bsky.social/post/3kruat4ayhd2s,,,
408,https://bsky.app/profile/waldiwaldkind.bsky.social/post/3krtpuqhbyk2c,,,
409,https://bsky.app/profile/kishibel.bsky.social/post/3krtmkjgcbl2f,,,
410,https://bsky.app/profile/tofte.bsky.social/post/3krtkstsfgr2e,,,
411,https://bsky.app/profile/rincewind.run/post/3krtk46qsak2h,,,
412,https://bsky.app/profile/swolecialism.bsky.social/post/3kruemv6olt2k,,,
413,https://bsky.app/profile/pbump.com/post/3krtr4th3t32v,,,
414,https://bsky.app/profile/lukelukeluke.bsky.social/post/3krt73q7att24,,,
415,https://bsky.app/profile/bakoon.bsky.social/post/3kruot5kk6e2u,,,
416,https://bsky.app/profile/omrimarian.bsky.social/post/3krtthvqpve2t,,,
417,https://bsky.app/profile/benteliciousart.bsky.social/post/3krtlz4ojrc2o,,,
418,https://bsky.app/profile/niedermeyer.io/post/3krth65ydmk2r,,,
419,https://bsky.app/profile/mahoukarp.bsky.social/post/3krup2zybdr2r,,,
420,https://bsky.app/profile/vandroidhelsing.bsky.social/post/3kruchw532n26,,,
421,https://bsky.app/profile/propublica.bsky.social/post/3krtvuvq35c25,,,
422,https://bsky.app/profile/grossmanis.bsky.social/post/3krusimkqqy2m,,,
423,https://bsky.app/profile/penelopemoreira.bsky.social/post/3kru76thzp22h,,,
424,https://bsky.app/profile/ponneuf.bsky.social/post/3kru3uztyxw2q,,,
425,https://bsky.app/profile/shirokumabook.bsky.social/post/3krtxohxfpg2c,,,
426,https://bsky.app/profile/emissaryofnight.bsky.social/post/3krtvoe5rks2l,,,
427,https://bsky.app/profile/marisakabas.bsky.social/post/3krtgiaptwk2k,,,
428,https://bsky.app/profile/kenwhite.bsky.social/post/3krudaplj7a2x,,,
429,https://bsky.app/profile/bitesu.bsky.social/post/3krtuspfpg52w,,,
430,https://bsky.app/profile/chibsarts.bsky.social/post/3krtmzwljbs25,,,
431,https://bsky.app/profile/sci-ffert.bsky.social/post/3krvggtcciz2o,,,
432,https://bsky.app/profile/otsumamiboy.bsky.social/post/3kruw7ghgcc2x,,,
433,https://bsky.app/profile/victoriascott.bsky.social/post/3kruonufq3h26,,,
434,https://bsky.app/profile/possumancerco.bsky.social/post/3krulvj3nei23,,,
435,https://bsky.app/profile/themckenziest.gay/post/3krufns4shz2h,,,
436,https://bsky.app/profile/topher.gay/post/3krtng5ihgc2m,,,
437,https://bsky.app/profile/lm7.bsky.social/post/3krtb3uje7u24,,,
438,https://bsky.app/profile/zefram.bsky.social/post/3krtytajhbi2t,,,
439,https://bsky.app/profile/rewhan.bsky.social/post/3krtkivgesg2r,,,
440,https://bsky.app/profile/coachfinstock.bsky.social/post/3krtdekoblu23,,,
441,https://bsky.app/profile/sesmith.bsky.social/post/3kruizzuwb22b,,,
442,https://bsky.app/profile/darthbluesky.bsky.social/post/3kru3d2hxcz2z,,,
443,https://bsky.app/profile/grousehollow.bsky.social/post/3kru35pfwds2k,,,
444,https://bsky.app/profile/mkreutzfeldt.bsky.social/post/3krtv2bpp5l2i,,,
445,https://bsky.app/profile/lazarorosa.bsky.social/post/3krtegdcrqc2k,,,
446,https://bsky.app/profile/crowrivercub.bsky.social/post/3krtcdz64lw2m,,,
447,https://bsky.app/profile/abzjharding.bsky.social/post/3krtbbaigqt2v,,,
448,https://bsky.app/profile/cait.bsky.social/post/3krvhb2xc622g,,,
449,https://bsky.app/profile/blowdart.me/post/3krunvgzwzd2s,,,
450,https://bsky.app/profile/clueless.bsky.social/post/3kru76plggf2u,,,
451,https://bsky.app/profile/sonourable.bsky.social/post/3krtnihxvy224,,,
452,https://bsky.app/profile/cmpriest.bsky.social/post/3krtrqxmkok2f,,,
453,https://bsky.app/profile/angelic.style/post/3krtr6ofj3d2g,,,
454,https://bsky.app/profile/eyesontheright.bsky.social/post/3krtl6d5jjj23,,,
455,https://bsky.app/profile/ventkazemaru.bsky.social/post/3krtfovtn5o2f,,,
456,https://bsky.app/profile/ironspike.bsky.social/post/3krtyipdykc2c,,,
457,https://bsky.app/profile/niedermeyer.io/post/3krtfivtyj32k,,,
458,https://bsky.app/profile/lulaoficial.bsky.social/post/3krtdmtehnn26,,,
459,https://bsky.app/profile/kekeke2024.bsky.social/post/3krvadzhtdv2r,,,
460,https://bsky.app/profile/emissaryofnight.bsky.social/post/3krubkcdoyc2z,,,
461,https://bsky.app/profile/florbellaspanca.bsky.social/post/3kru7g5brpk2a,,,
462,https://bsky.app/profile/takubows.com/post/3kru6ms3ugr2f,,,
463,https://bsky.app/profile/meltedcomputer.bsky.social/post/3kru27br2z52d,,,
464,https://bsky.app/profile/accelldraws.bsky.social/post/3krtuxikgie2t,,,
465,https://bsky.app/profile/brooklynspoke.bsky.social/post/3krtedygg5k2m,,,
466,https://bsky.app/profile/nicholasgrossman.bsky.social/post/3krtcdblrx32n,,,
467,https://bsky.app/profile/boozybadger.bsky.social/post/3kruekg66i42i,,,
468,https://bsky.app/profile/arakencloud.bsky.social/post/3kru5q47r6c24,,,
469,https://bsky.app/profile/llewellynrose.bsky.social/post/3krtyophibt2v,,,
470,https://bsky.app/profile/liom.bsky.social/post/3krtbvywemc2l,,,
471,https://bsky.app/profile/heathercherone.bsky.social/post/3krt75of7k32s,,,
472,https://bsky.app/profile/juicysteak117.gay/post/3krv5wycb6r2r,,,
473,https://bsky.app/profile/localmustard.bsky.social/post/3krt6k4dra222,,,
474,https://bsky.app/profile/lafa.bsky.social/post/3krufvm5rqc22,,,
475,https://bsky.app/profile/npr.org/post/3krtmv64s6c2x,,,
476,https://bsky.app/profile/bohrturm.bsky.social/post/3kruxurwnlu2d,,,
477,https://bsky.app/profile/bonifasko.bsky.social/post/3krucfq73s22g,,,
478,https://bsky.app/profile/extrafabulous.bsky.social/post/3krtt4ojrz52y,,,
479,https://bsky.app/profile/themckenziest.gay/post/3kru6wemp7c26,,,
480,https://bsky.app/profile/meisnerwerk.bsky.social/post/3krtacwms4s2t,,,
481,https://bsky.app/profile/daveweigel.bsky.social/post/3krun677l6s22,,,
482,https://bsky.app/profile/pimenta13br.bsky.social/post/3krtqxlyw4j27,,,
483,https://bsky.app/profile/aellalabrys.bsky.social/post/3kruq37zqvd2h,,,
484,https://bsky.app/profile/spiderdaynightlive.bsky.social/post/3kru2yvrwt42i,,,
485,https://bsky.app/profile/lazarorosa.bsky.social/post/3krtzjmvrep23,,,
486,https://bsky.app/profile/onlyveesaz.bsky.social/post/3krtt2hbsyl26,,,
487,https://bsky.app/profile/electroheinz.bsky.social/post/3krur2svukg2l,,,
488,https://bsky.app/profile/thielman.bsky.social/post/3krugsdeiac2m,,,
489,https://bsky.app/profile/tkingfisher.bsky.social/post/3kru3nlpeil2o,,,
490,https://bsky.app/profile/tphotoblack.bsky.social/post/3kru2rgj3gb2s,,,
491,https://bsky.app/profile/edyong209.bsky.social/post/3krttrrt5y52x,,,
492,https://bsky.app/profile/pfarrermitmaske.bsky.social/post/3krtok2mv7c2m,,,
493,https://bsky.app/profile/seltsames.bsky.social/post/3krtkchsswu2g,,,
494,https://bsky.app/profile/pt-brasil.bsky.social/post/3krtj2jyhwr2y,,,
495,https://bsky.app/profile/carlosminc.bsky.social/post/3krtixkgzyg2i,,,
496,https://bsky.app/profile/andavaart.bsky.social/post/3krtuyvrqwz2e,,,
497,https://bsky.app/profile/ericafails.bsky.social/post/3krtl4ar4z42j,,,
498,https://bsky.app/profile/chunkerbuns.bsky.social/post/3krtjun7q632y,,,
499,https://bsky.app/profile/secondlina.bsky.social/post/3krtj57hcea23,,,
500,https://bsky.app/profile/guruesquerda.bsky.social/post/3krtltsitd223,,,
501,https://bsky.app/profile/lindberghfarias.bsky.social/post/3krtfcjcx6v2g,,,
502,https://bsky.app/profile/sifu.tweety.fish/post/3krudb37kh22k,,,
503,https://bsky.app/profile/renatoaroeira.bsky.social/post/3kru5asqsio2h,,,
504,https://bsky.app/profile/gabrielmalor.bsky.social/post/3kru46xomsc2p,,,
505,https://bsky.app/profile/denfaminicogame.bsky.social/post/3kruyzypzlg25,,,
506,https://bsky.app/profile/glopossum.bsky.social/post/3kruahzyxkq2j,,,
507,https://bsky.app/profile/pimenta13br.bsky.social/post/3krucydbjkm2o,,,
508,https://bsky.app/profile/bornmiserable.bsky.social/post/3krtxtkq2c32g,,,
509,https://bsky.app/profile/swolecialism.bsky.social/post/3krto327a7d2k,,,
510,https://bsky.app/profile/rufustsuperfly.bsky.social/post/3krt73mimxp2j,,,
511,https://bsky.app/profile/yokosukaken.bsky.social/post/3krtzwxgyww2z,,,
512,https://bsky.app/profile/senornutria.bsky.social/post/3krtvtsqfyt2c,,,
513,https://bsky.app/profile/catbus.bsky.social/post/3krtpgieel72l,,,
514,https://bsky.app/profile/kenklippenstein.bsky.social/post/3krtn5kr3742b,,,
515,https://bsky.app/profile/skullmandible.bsky.social/post/3krth5n44j42e,,,
516,https://bsky.app/profile/ohrobin.bsky.social/post/3kruhuwh6jo2r,,,
517,https://bsky.app/profile/moxiest.art/post/3kru3ookabc2q,,,
518,https://bsky.app/profile/ifnotnowboston.bsky.social/post/3krtuhgp4bm2o,,,
519,https://bsky.app/profile/carlmarx.bsky.social/post/3krtkiehwh62j,,,
520,https://bsky.app/profile/fluffydango.bsky.social/post/3krth2wzowk2j,,,
521,https://bsky.app/profile/benteliciousart.bsky.social/post/3kruzsh72gs2x,,,
522,https://bsky.app/profile/hrm-kristin-i.bsky.social/post/3kruiponfos2w,,,
523,https://bsky.app/profile/mjfuhlhage.bsky.social/post/3kruc3oksbs25,,,
524,https://bsky.app/profile/zedernduft.bsky.social/post/3krtqwfu6gr2a,,,
525,https://bsky.app/profile/transworld.bsky.social/post/3krvedf5gbc2q,,,
526,https://bsky.app/profile/ehudkurzweil.bsky.social/post/3krtvfayp2n2c,,,
527,https://bsky.app/profile/haysey-draws.bsky.social/post/3krtphyscc52k,,,
528,https://bsky.app/profile/nthlwd.bsky.social/post/3krtefjwbqt2y,,,
529,https://bsky.app/profile/ausserirdischer.bsky.social/post/3krtdupcjts22,,,
530,https://bsky.app/profile/wendyxu.bsky.social/post/3krtd2rdi6d2t,,,
531,https://bsky.app/profile/diepauline.bsky.social/post/3kruqu6qbxd2o,,,
532,https://bsky.app/profile/vandroidhelsing.bsky.social/post/3krualzuib526,,,
533,https://bsky.app/profile/romulobdias.bsky.social/post/3kru3t7am5l2g,,,
534,https://bsky.app/profile/johnpfaff.bsky.social/post/3krtqes3btt2e,,,
535,https://bsky.app/profile/bushywolfson.bsky.social/post/3krtm7qmxvt2m,,,
536,https://bsky.app/profile/coachfinstock.bsky.social/post/3krtlg6ysxt2g,,,
537,https://bsky.app/profile/fullpurp.bsky.social/post/3krtjdavibk2s,,,
538,https://bsky.app/profile/washingtonpost.com/post/3krt6yifzlf22,,,
539,https://bsky.app/profile/fischblog.bsky.social/post/3krvgcdpn7j2m,,,
540,https://bsky.app/profile/tocodot.bsky.social/post/3krvd2cpxn62u,,,
541,https://bsky.app/profile/whisperfoot.bsky.social/post/3kruf6fw5y72f,,,
542,https://bsky.app/profile/vhkansfweer.bsky.social/post/3krtokq6td22k,,,
543,https://bsky.app/profile/joergspengler.bsky.social/post/3krus3o5ff226,,,
544,https://bsky.app/profile/totototoilet.bsky.social/post/3krtrieqacf2h,,,
545,https://bsky.app/profile/juliagiantrat.bsky.social/post/3kruktcjn4s23,,,
546,https://bsky.app/profile/jollyjack.bsky.social/post/3kru35sjexk25,,,
547,https://bsky.app/profile/baphypaws.bsky.social/post/3krtxipawpy2v,,,
548,https://bsky.app/profile/mommunism.bsky.social/post/3krtt7kjm562m,,,
549,https://bsky.app/profile/gbbranstetter.bsky.social/post/3krtjqldi7b2f,,,
550,https://bsky.app/profile/mkreutzfeldt.bsky.social/post/3krtuxneh672i,,,
551,https://bsky.app/profile/paperbackparadise.bsky.social/post/3krtqmo7ocl2q,,,
552,https://bsky.app/profile/indycub9.bsky.social/post/3krtfo4rha32o,,,
553,https://bsky.app/profile/e-meishin.bsky.social/post/3krulm4r67j2u,,,
554,https://bsky.app/profile/prisonculture.bsky.social/post/3krukhh47qr2i,,,
555,https://bsky.app/profile/tomatomansama.bsky.social/post/3kruaihu5f223,,,
556,https://bsky.app/profile/buizilla.bsky.social/post/3krtufcufzg2o,,,
557,https://bsky.app/profile/fubukikuwata.bsky.social/post/3kruyzqhyer27,,,
558,https://bsky.app/profile/biaeuavisei.bsky.social/post/3krugfqd6o72i,,,
559,https://bsky.app/profile/prisonculture.bsky.social/post/3krtsc5epvw2k,,,
560,https://bsky.app/profile/othatsraspberry.bsky.social/post/3krupa2cfl72e,,,
561,https://bsky.app/profile/pbump.com/post/3krumr2lng324,,,
562,https://bsky.app/profile/alexander-a-tin.bsky.social/post/3krtz72ye442r,,,
563,https://bsky.app/profile/brianlyman.bsky.social/post/3krug4eurot2g,,,
564,https://bsky.app/profile/e-meishin.bsky.social/post/3kruaik6ieq2q,,,
565,https://bsky.app/profile/npr.org/post/3krtrdp6yez23,,,
566,https://bsky.app/profile/thomaszimmer.bsky.social/post/3krtmzwpuww26,,,
567,https://bsky.app/profile/robertferry.bsky.social/post/3krviv634yd2w,,,
568,https://bsky.app/profile/olufemiotaiwo.bsky.social/post/3krujj56thx2j,,,
569,https://bsky.app/profile/skyblew.bsky.social/post/3kruebkwnak2w,,,
570,https://bsky.app/profile/brooklynmarie.bsky.social/post/3krukkufqn327,,,
571,https://bsky.app/profile/rbreich.bsky.social/post/3kru6ot4x5b2t,,,
572,https://bsky.app/profile/bestofdyingtwit.bsky.social/post/3krty7nwyyd2s,,,
573,https://bsky.app/profile/pt-brasil.bsky.social/post/3krtgwaufm427,,,
574,https://bsky.app/profile/denniskberlin.bsky.social/post/3krv6esxzts25,,,
575,https://bsky.app/profile/zaaru.cat/post/3krtxokokkx2f,,,
576,https://bsky.app/profile/asherelbein.bsky.social/post/3krtnbcx5m52j,,,
577,https://bsky.app/profile/kevinmkruse.bsky.social/post/3kru2nogu4t2v,,,
578,https://bsky.app/profile/guido-kuehn.bsky.social/post/3krtwon63d62z,,,
579,https://bsky.app/profile/othatsraspberry.bsky.social/post/3krtuudvlbf2r,,,
580,https://bsky.app/profile/transscribe.bsky.social/post/3krtlzvg4t22t,,,
581,https://bsky.app/profile/sniffsnorf.bsky.social/post/3krtdizhpc62u,,,
582,https://bsky.app/profile/makardraws.bsky.social/post/3krtc5qnz622t,,,
583,https://bsky.app/profile/brooklynspoke.bsky.social/post/3krtbqgoozd2w,,,
584,https://bsky.app/profile/tom88.bsky.social/post/3krt6cn4qc22e,,,
585,https://bsky.app/profile/kevinmkruse.bsky.social/post/3krvktidh2c24,,,
586,https://bsky.app/profile/vandroidhelsing.bsky.social/post/3krubcrz5e32r,,,
587,https://bsky.app/profile/vandroidhelsing.bsky.social/post/3krua57font2n,,,
588,https://bsky.app/profile/pimenta13br.bsky.social/post/3kru3qa5ocs2g,,,
589,https://bsky.app/profile/pronounced-ing.bsky.social/post/3krtm4pt6x22s,,,
590,https://bsky.app/profile/arakencloud.bsky.social/post/3krtjnteh442q,,,
591,https://bsky.app/profile/miriam.lol/post/3krtfqfjzvj2w,,,
592,https://bsky.app/profile/mykafuiohkafui.bsky.social/post/3krtdoo3zx22i,,,
593,https://bsky.app/profile/pimenta13br.bsky.social/post/3krtxhm2db22y,,,
594,https://bsky.app/profile/christianeymery.bsky.social/post/3krtw3k4lfv26,,,
595,https://bsky.app/profile/youwannaslap.bsky.social/post/3krtvvy2gl225,,,
596,https://bsky.app/profile/cait.bsky.social/post/3krvizicb2n24,,,
597,https://bsky.app/profile/sixtus.net/post/3krvivufzxc2k,,,
598,https://bsky.app/profile/janecoaston.bsky.social/post/3kru2d6j2xc2j,,,
599,https://bsky.app/profile/swolecialism.bsky.social/post/3krtsxqgkju2d,,,
600,https://bsky.app/profile/tananarivedue.bsky.social/post/3krtpc6acb42u,,,
601,https://bsky.app/profile/pimenta13br.bsky.social/post/3krtnw3xncd2w,,,
602,https://bsky.app/profile/jessiehennen.bsky.social/post/3krukf5pqeh2i,,,
603,https://bsky.app/profile/josie.zone/post/3krue3aloz22z,,,
604,https://bsky.app/profile/tkingfisher.bsky.social/post/3kru7tdqcji2x,,,
605,https://bsky.app/profile/aleos696.bsky.social/post/3kru2va5ce72y,,,
606,https://bsky.app/profile/lieumare.bsky.social/post/3krttfdbrls2u,,,
607,https://bsky.app/profile/joshuajfriedman.com/post/3krtczusget2v,,,
608,https://bsky.app/profile/supertuler.art/post/3krvdacxg6b2t,,,
609,https://bsky.app/profile/pimenta13br.bsky.social/post/3krudqnvacv22,,,
610,https://bsky.app/profile/jencross.bsky.social/post/3krubtads7d2d,,,
611,https://bsky.app/profile/herrhilfreich.bsky.social/post/3krtslkh3p22z,,,
612,https://bsky.app/profile/merrittk.com/post/3krtq6y4yov22,,,
613,https://bsky.app/profile/kenwhite.bsky.social/post/3krtnnmcv2s2p,,,
614,https://bsky.app/profile/burkhard.bsky.social/post/3krtgpcwwix2e,,,
615,https://bsky.app/profile/irrfahrer.bsky.social/post/3krtd6znsvk2m,,,
616,https://bsky.app/profile/yoshika.bsky.social/post/3kru7exiu6b2l,,,
617,https://bsky.app/profile/romulobdias.bsky.social/post/3krtlbvyfbz2p,,,
618,https://bsky.app/profile/marisakabas.bsky.social/post/3krtehn2mza27,,,
619,https://bsky.app/profile/parsnip.bsky.social/post/3krun6y33az2w,,,
620,https://bsky.app/profile/flamingoberlin.bsky.social/post/3krtgk7phw22t,,,
621,https://bsky.app/profile/dril.bsky.social/post/3krumidg6dt2k,,,
622,https://bsky.app/profile/erikahall.bsky.social/post/3krujey26ms24,,,
623,https://bsky.app/profile/antoniopeva.bsky.social/post/3krueonnh6626,,,
624,https://bsky.app/profile/tomtuttle.bsky.social/post/3krtr7ksnt723,,,
625,https://bsky.app/profile/romulobdias.bsky.social/post/3krtqlt37dj2m,,,
626,https://bsky.app/profile/kevinmkruse.bsky.social/post/3krtgkx5dzd2v,,,
627,https://bsky.app/profile/achronalart.bsky.social/post/3krtbpsxuj526,,,
628,https://bsky.app/profile/joshuajfriedman.com/post/3krtb4egoxc2m,,,
629,https://bsky.app/profile/kurtandersen.bsky.social/post/3krtamsu4j22o,,,
630,https://bsky.app/profile/phillewis.bsky.social/post/3krt6yn5ztb25,,,
631,https://bsky.app/profile/nataschastrobl.bsky.social/post/3kruyln2egk2p,,,
632,https://bsky.app/profile/hideto2929.bsky.social/post/3krup25cv4k23,,,
633,https://bsky.app/profile/artbutmakeitsports.bsky.social/post/3krumbn5cfc27,,,
634,https://bsky.app/profile/blueheronfarm.bsky.social/post/3krudal7nmn24,,,
635,https://bsky.app/profile/ass.golf/post/3krtso2k5cf26,,,
636,https://bsky.app/profile/golikehellmachine.bsky.social/post/3krteuufrn222,,,
637,https://bsky.app/profile/claasgefroi.bsky.social/post/3krv6dqfmmb2e,,,
638,https://bsky.app/profile/mixter.ink/post/3krubshugtp2h,,,
639,https://bsky.app/profile/calamityjon.bsky.social/post/3krtywjx77k24,,,
640,https://bsky.app/profile/akiramaeda.bsky.social/post/3krtx5hetaw2c,,,
641,https://bsky.app/profile/mkreutzfeldt.bsky.social/post/3krtuudndfk24,,,
642,https://bsky.app/profile/iratbs.bsky.social/post/3krtuo5erck2f,,,
643,https://bsky.app/profile/themountaingoats.bsky.social/post/3krtpmp46ak2k,,,
644,https://bsky.app/profile/oro97.bsky.social/post/3krtknf6yjk2t,,,
645,https://bsky.app/profile/petersagal.bsky.social/post/3krtexpnbh326,,,
646,https://bsky.app/profile/shiftingentity.bsky.social/post/3krtc6eyw732v,,,
647,https://bsky.app/profile/juliagiantrat.bsky.social/post/3kruz4t2vb32p,,,
648,https://bsky.app/profile/takubows.com/post/3kruna3hgld2s,,,
649,https://bsky.app/profile/nanoraptor.danamania.com/post/3kruju5zo4t2k,,,
650,https://bsky.app/profile/starthewerewolf.bsky.social/post/3kruatywmqs27,,,
651,https://bsky.app/profile/retrotechdreams.bsky.social/post/3krtm7m25mf25,,,
652,https://bsky.app/profile/kuponito.bsky.social/post/3krtgzyajjk2v,,,
653,https://bsky.app/profile/westlandsretter.bsky.social/post/3krvcs2omkx2o,,,
654,https://bsky.app/profile/sjshancoxli.bsky.social/post/3krubzn2zt22v,,,
655,https://bsky.app/profile/ennuidoofen.bsky.social/post/3kru47s4twh2q,,,
656,https://bsky.app/profile/pimenta13br.bsky.social/post/3krts76xx2q2k,,,
657,https://bsky.app/profile/prisonculture.bsky.social/post/3krtdlekns22d,,,
658,https://bsky.app/profile/cait.bsky.social/post/3krvisfpqh32t,,,
659,https://bsky.app/profile/olufemiotaiwo.bsky.social/post/3kruifxlfgd2w,,,
660,https://bsky.app/profile/psudonym.bsky.social/post/3krudu5tqry23,,,
661,https://bsky.app/profile/hoshihamuusakuma.bsky.social/post/3krub3aduov2w,,,
662,https://bsky.app/profile/darthbluesky.bsky.social/post/3kru5joft6m2t,,,
663,https://bsky.app/profile/theferocity.bsky.social/post/3kru2gbwpim2g,,,
664,https://bsky.app/profile/theonion.com/post/3krtumsgqbs2r,,,
665,https://bsky.app/profile/shiuk.com/post/3krtb67t7eb2d,,,
666,https://bsky.app/profile/mondomascots.bsky.social/post/3krt7lalye32u,,,
667,https://bsky.app/profile/profmusgrave.bsky.social/post/3krudk4dc5j2f,,,
668,https://bsky.app/profile/mkreutzfeldt.bsky.social/post/3krtuzceljs2y,,,
669,https://bsky.app/profile/lowqualityfacts.bsky.social/post/3krtnazivkg2m,,,
670,https://bsky.app/profile/taniel.bsky.social/post/3krthhzd6ud2z,,,
671,https://bsky.app/profile/smi.bsky.social/post/3krtfp7kifw2o,,,
672,https://bsky.app/profile/lubchansky.bsky.social/post/3krteohikk32s,,,
673,https://bsky.app/profile/masterjp.bsky.social/post/3krvebjv6qa2w,,,
674,https://bsky.app/profile/nathankalmoe.bsky.social/post/3kruvqvbxds2t,,,
675,https://bsky.app/profile/statiik.bsky.social/post/3krtneasmqm2b,,,
676,https://bsky.app/profile/pythonblue.bsky.social/post/3krtn2gwtpu2f,,,
677,https://bsky.app/profile/adamkotsko.bsky.social/post/3krtfuf4bpc2k,,,
678,https://bsky.app/profile/cait.bsky.social/post/3krtyhugry32r,,,
679,https://bsky.app/profile/ceej.online/post/3krtw4vx3c526,,,
680,https://bsky.app/profile/chisa.bsky.social/post/3krtuxotxpb2w,,,
681,https://bsky.app/profile/beneceadraws.bsky.social/post/3krtkyboxt22m,,,
682,https://bsky.app/profile/phillewis.bsky.social/post/3krtk7zqfpn24,,,
683,https://bsky.app/profile/byelacey.bsky.social/post/3krvh4lpodk26,,,
684,https://bsky.app/profile/jbendery.bsky.social/post/3krtyzmbyhs2p,,,
685,https://bsky.app/profile/mtsw.bsky.social/post/3krtohaxso22n,,,
686,https://bsky.app/profile/kenwhite.bsky.social/post/3krto5hjxlk24,,,
687,https://bsky.app/profile/womensart1.bsky.social/post/3krtko6dnln22,,,
688,https://bsky.app/profile/mortythenurse.bsky.social/post/3krtfhopthu2f,,,
689,https://bsky.app/profile/hard-drive.net/post/3krt7fwso5s2k,,,
690,https://bsky.app/profile/xel44lex.bsky.social/post/3krunznqmpe2o,,,
691,https://bsky.app/profile/davidjroth.bsky.social/post/3krunriwvuc26,,,
692,https://bsky.app/profile/daveweigel.bsky.social/post/3kruned7jdk22,,,
693,https://bsky.app/profile/queenjolene.bsky.social/post/3krukz7qrrc2h,,,
694,https://bsky.app/profile/mtsw.bsky.social/post/3krubhk6knk2u,,,
695,https://bsky.app/profile/lordbusinessman.bsky.social/post/3krvjqntjwt2v,,,
696,https://bsky.app/profile/publichealth.bsky.social/post/3kruhgcceta26,,,
697,https://bsky.app/profile/omrimarian.bsky.social/post/3krtuhwfl2327,,,
698,https://bsky.app/profile/nicopossum.bsky.social/post/3krto6sctbt2g,,,
699,https://bsky.app/profile/1275hiro.bsky.social/post/3krtalxgcs325,,,
700,https://bsky.app/profile/themckenziest.gay/post/3krtzj35ons2y,,,
701,https://bsky.app/profile/anivii.bsky.social/post/3krtvlfwv5u2h,,,
702,https://bsky.app/profile/snao.bsky.social/post/3krtg4fzfv22v,,,
703,https://bsky.app/profile/victoriascott.bsky.social/post/3krtcuirafn22,,,
704,https://bsky.app/profile/emissaryofnight.bsky.social/post/3krukegyltc2l,,,
705,https://bsky.app/profile/wolfskulljack.bsky.social/post/3krttse2mvc2v,,,
706,https://bsky.app/profile/awildsalem.com/post/3krtmwlzi6s2x,,,
707,https://bsky.app/profile/magiccc.bsky.social/post/3krt7pq2pop2o,,,
708,https://bsky.app/profile/dailydot.bsky.social/post/3kru7rorwr52v,,,
709,https://bsky.app/profile/golikehellmachine.bsky.social/post/3kru2xusz2t2w,,,
710,https://bsky.app/profile/kinkymation.bsky.social/post/3krtrjjpua525,,,
711,https://bsky.app/profile/hannahartwork.bsky.social/post/3krtlm7wbpc2y,,,
712,https://bsky.app/profile/xoxogossipgita.bsky.social/post/3krtha5lgp52y,,,
713,https://bsky.app/profile/atrupar.bsky.social/post/3krtbtfd65c22,,,
714,https://bsky.app/profile/darthbluesky.bsky.social/post/3krvgcm6uvu2t,,,
715,https://bsky.app/profile/florbellaspanca.bsky.social/post/3krudttbfgc2y,,,
716,https://bsky.app/profile/waltherjr.bsky.social/post/3kru7vin2ak2o,,,
717,https://bsky.app/profile/ugarles.bsky.social/post/3krtrwyaxg42b,,,
718,https://bsky.app/profile/pimenta13br.bsky.social/post/3krti5jnlsn26,,,
719,https://bsky.app/profile/courtneymilan.com/post/3krt6h2vbad24,,,
720,https://bsky.app/profile/bschillace.brandyschillace.com/post/3krvikkpq242g,,,
721,https://bsky.app/profile/darthbluesky.bsky.social/post/3kruzidhljk2v,,,
722,https://bsky.app/profile/charliejane.bsky.social/post/3kruqq7lhs22q,,,
723,https://bsky.app/profile/jaygraden.bsky.social/post/3krtixmz3rk2z,,,
724,https://bsky.app/profile/miski.bsky.social/post/3krtbddurq52h,,,
725,https://bsky.app/profile/jamesotron.bsky.social/post/3krtaial3p42j,,,
726,https://bsky.app/profile/bakoon.bsky.social/post/3krvgraoidl2t,,,
727,https://bsky.app/profile/atamoto.bsky.social/post/3krvajseo452g,,,
728,https://bsky.app/profile/gerdergerdersen.bsky.social/post/3krtmw2pybp23,,,
729,https://bsky.app/profile/cgblue.bsky.social/post/3krt7ckxcvl2a,,,
730,https://bsky.app/profile/midnightpals.bsky.social/post/3krtnc23qp32s,,,
731,https://bsky.app/profile/sjjphd.bsky.social/post/3krtf7vtet62r,,,
732,https://bsky.app/profile/crowrivercub.bsky.social/post/3krt7hats4k2u,,,
733,https://bsky.app/profile/joshuafoust.com/post/3krtkpjy6ys2u,,,
734,https://bsky.app/profile/nakamiya.bsky.social/post/3kru26r4tlu2v,,,
735,https://bsky.app/profile/peterjelinek.bsky.social/post/3krtobjizfx2i,,,
736,https://bsky.app/profile/neolithicsheep.bsky.social/post/3krtjqqvboe2u,,,
737,https://bsky.app/profile/angelic.style/post/3krt6tu6ar22l,,,
738,https://bsky.app/profile/toki-3015pm.bsky.social/post/3krv4jskezn2q,,,
739,https://bsky.app/profile/arequino.bsky.social/post/3krua7skjav2h,,,
740,https://bsky.app/profile/juniperplexed.bsky.social/post/3kru3pn65p323,,,
741,https://bsky.app/profile/galacticmichi.bsky.social/post/3krtkll6hds2e,,,
742,https://bsky.app/profile/profbear.bsky.social/post/3krtitj2wfk2o,,,
743,https://bsky.app/profile/goldman.blue/post/3krtgm7s6zb2g,,,
744,https://bsky.app/profile/tomtomorrow.bsky.social/post/3krtervsaqc2w,,,
745,https://bsky.app/profile/katzonearth.bsky.social/post/3krurzlo57i2c,,,
746,https://bsky.app/profile/vandroidhelsing.bsky.social/post/3krunj6ih6n25,,,
747,https://bsky.app/profile/nyhgault.bsky.social/post/3kru5abmsa326,,,
748,https://bsky.app/profile/kukumomoart.bsky.social/post/3krtqvjsdyz2g,,,
749,https://bsky.app/profile/katzish.bsky.social/post/3krtiii4hle2r,,,
750,https://bsky.app/profile/ovs.verhaltenskreativ.de/post/3krtchdvz7c2l,,,
751,https://bsky.app/profile/benteliciousart.bsky.social/post/3krv2g3zx2k2i,,,
752,https://bsky.app/profile/einfachmo.bsky.social/post/3kruuzqk4ud2f,,,
753,https://bsky.app/profile/k1m.bsky.social/post/3kru33cadyc2u,,,
754,https://bsky.app/profile/makebork.bsky.social/post/3krtspn275f26,,,
755,https://bsky.app/profile/thelincoln.bsky.social/post/3krtqkkjh672e,,,
756,https://bsky.app/profile/secretaboutbox.bsky.social/post/3krtlgjyjtk2p,,,
757,https://bsky.app/profile/kingarthur-i.bsky.social/post/3krtgdme2bn22,,,
758,https://bsky.app/profile/megelison.bsky.social/post/3kru6kafedp2q,,,
759,https://bsky.app/profile/catbus.bsky.social/post/3krtygijo3l2t,,,
760,https://bsky.app/profile/ironspike.bsky.social/post/3krtycwv4x22x,,,
761,https://bsky.app/profile/fotovorschlag.bsky.social/post/3kruvmrqp2a2t,,,
762,https://bsky.app/profile/zourik.bsky.social/post/3krujwfslzz27,,,
763,https://bsky.app/profile/profmusgrave.bsky.social/post/3krudmwqvtp26,,,
764,https://bsky.app/profile/cafurball.bsky.social/post/3kru5q6rv4d2z,,,
765,https://bsky.app/profile/rikergoogling.bsky.social/post/3krtwujhaxm2g,,,
766,https://bsky.app/profile/neolithicsheep.bsky.social/post/3krtwkoihik2m,,,
767,https://bsky.app/profile/hamslapper.bsky.social/post/3krtox467os2h,,,
768,https://bsky.app/profile/ryanlcooper.com/post/3krtojr4xm32k,,,
769,https://bsky.app/profile/blickfang.bsky.social/post/3krtmf3rlyx2e,,,
770,https://bsky.app/profile/golikehellmachine.bsky.social/post/3krtkmyqhmu23,,,
771,https://bsky.app/profile/rubenbolling.bsky.social/post/3krthyqjtrz2r,,,
772,https://bsky.app/profile/techconnectify.bsky.social/post/3krt7nzydni26,,,
773,https://bsky.app/profile/momonekofold.bsky.social/post/3krvh56utp72c,,,
774,https://bsky.app/profile/catsofyore.bsky.social/post/3krupj4x6i32b,,,
775,https://bsky.app/profile/lemieuxlgm.bsky.social/post/3krulb47xdn26,,,
776,https://bsky.app/profile/prisonculture.bsky.social/post/3kruh7c662c2y,,,
777,https://bsky.app/profile/darthbluesky.bsky.social/post/3kru4zqb5jl2e,,,
778,https://bsky.app/profile/gbbranstetter.bsky.social/post/3kru3yj42rl2b,,,
779,https://bsky.app/profile/suzumotti.bsky.social/post/3krtzsc3ueb27,,,
780,https://bsky.app/profile/karlaliliana.bsky.social/post/3krtglkl5it2t,,,
781,https://bsky.app/profile/magic-skeetbus.bsky.social/post/3kruxk6gnv22j,,,
782,https://bsky.app/profile/erikayoshida.bsky.social/post/3kruwrhdusu23,,,
783,https://bsky.app/profile/spavel.bsky.social/post/3kruc3vatv32k,,,
784,https://bsky.app/profile/brafya.bsky.social/post/3krtwkkhhkc2u,,,
785,https://bsky.app/profile/kubibun.bsky.social/post/3krtvnfwra526,,,
786,https://bsky.app/profile/mkreutzfeldt.bsky.social/post/3krtveioolc2h,,,
787,https://bsky.app/profile/chucktingle.bsky.social/post/3krtljfxhn22t,,,
788,https://bsky.app/profile/tezy8art.bsky.social/post/3krte5fuoqf2s,,,
789,https://bsky.app/profile/kennedytcooper.bsky.social/post/3krtdkayktd2v,,,
790,https://bsky.app/profile/yotsubairosalon.bsky.social/post/3krtd5gdal42d,,,
791,https://bsky.app/profile/delilahgallo.bsky.social/post/3krtd5fd43w2u,,,
792,https://bsky.app/profile/betabastos.bsky.social/post/3krtcjzfx2p2z,,,
793,https://bsky.app/profile/pianta.bsky.social/post/3krtaou6nxy2t,,,
794,https://bsky.app/profile/neilhimself.neilgaiman.com/post/3krvlb7xaxs24,,,
795,https://bsky.app/profile/lalalalack.bsky.social/post/3krvhdsii3k2w,,,
796,https://bsky.app/profile/e-meishin.bsky.social/post/3kruujhnjmu2j,,,
797,https://bsky.app/profile/notafurrytho.bsky.social/post/3krushhj76v2a,,,
798,https://bsky.app/profile/matthewcort.land/post/3krubxwkoid2q,,,
799,https://bsky.app/profile/vandroidhelsing.bsky.social/post/3krua6y2pax2q,,,
800,https://bsky.app/profile/justsomenoob.bsky.social/post/3krtuqu57pk2l,,,
801,https://bsky.app/profile/brendelbored.bsky.social/post/3krtjfohlz22w,,,
802,https://bsky.app/profile/ironspike.bsky.social/post/3krtyohbdm22b,,,
803,https://bsky.app/profile/whatthefoxy.bsky.social/post/3krtw4bmys72v,,,
804,https://bsky.app/profile/paulrosenberg.bsky.social/post/3krtrf33kms2m,,,
805,https://bsky.app/profile/diives.bsky.social/post/3krtp2vvdak2j,,,
806,https://bsky.app/profile/lamettaregen.bsky.social/post/3krtfofaab22u,,,
807,https://bsky.app/profile/joadsprocket.bsky.social/post/3krvkvcz7w225,,,
808,https://bsky.app/profile/brandsatzbodo.bsky.social/post/3krv4m3xshk2z,,,
809,https://bsky.app/profile/rincewind.run/post/3krunm4mb4c2h,,,
810,https://bsky.app/profile/jbouie.bsky.social/post/3kruko3uotc2u,,,
811,https://bsky.app/profile/portdrift.bsky.social/post/3kruhd652hz2d,,,
812,https://bsky.app/profile/teanah.bsky.social/post/3kru6hzarrc23,,,
813,https://bsky.app/profile/jbouie.bsky.social/post/3kru2l2psmt2s,,,
814,https://bsky.app/profile/vvnbda.bsky.social/post/3krtribmhus25,,,
815,https://bsky.app/profile/kilinah.bsky.social/post/3krtnn3zdmc2m,,,
816,https://bsky.app/profile/volkerquaschning.bsky.social/post/3krtjvvuuv222,,,
817,https://bsky.app/profile/kevinmkruse.bsky.social/post/3krtg7ralqw2z,,,
818,https://bsky.app/profile/e-meishin.bsky.social/post/3krv6v36cqh27,,,
819,https://bsky.app/profile/hannelore14089.bsky.social/post/3kruu5l43n52y,,,
820,https://bsky.app/profile/brae.gay/post/3krus6clbpk26,,,
821,https://bsky.app/profile/arakencloud.bsky.social/post/3krumrqzsu323,,,
822,https://bsky.app/profile/riffraccoon.bsky.social/post/3krukpkcpkt2v,,,
823,https://bsky.app/profile/ab-otter.bsky.social/post/3krujcl4sxo26,,,
824,https://bsky.app/profile/hillarymonahan.bsky.social/post/3krud5h3mbs2j,,,
825,https://bsky.app/profile/shoimada.bsky.social/post/3krtxrghc522v,,,
826,https://bsky.app/profile/belux.bsky.social/post/3krtuqvobzk2e,,,
827,https://bsky.app/profile/notdred.bsky.social/post/3krtek5ccuh2x,,,
828,https://bsky.app/profile/coolhand.bsky.social/post/3krtbhl2glc24,,,
829,https://bsky.app/profile/illdottore.bsky.social/post/3krt73wbsgk2e,,,
830,https://bsky.app/profile/shengokai.bsky.social/post/3krvajnnrs32w,,,
831,https://bsky.app/profile/pfrazee.com/post/3krujojcog52x,,,
832,https://bsky.app/profile/bakoon.bsky.social/post/3krub72ortc2s,,,
833,https://bsky.app/profile/courtneymilan.com/post/3kru34kozo32u,,,
834,https://bsky.app/profile/thielman.bsky.social/post/3krtxfctvww2m,,,
835,https://bsky.app/profile/its.cassie.baby/post/3krtkuwp7c524,,,
836,https://bsky.app/profile/cait.bsky.social/post/3krtj5n5tkb23,,,
837,https://bsky.app/profile/pucksarcana.bsky.social/post/3krtiajiy642f,,,
838,https://bsky.app/profile/mrtaikichisan7.bsky.social/post/3krteosjep42c,,,
839,https://bsky.app/profile/saiyukako.bsky.social/post/3krvf2l7vay2b,,,
840,https://bsky.app/profile/louisgray.bsky.social/post/3krv3fqschs2e,,,
841,https://bsky.app/profile/bunnyhazedayz.bsky.social/post/3krub6xslo22x,,,
842,https://bsky.app/profile/wolfpupy.bsky.social/post/3kru5a4wuet2q,,,
843,https://bsky.app/profile/winterk.bsky.social/post/3kru4tv2ajs2k,,,
844,https://bsky.app/profile/hoemn.bsky.social/post/3krtwico3wd2u,,,
845,https://bsky.app/profile/ismipratima.bsky.social/post/3krtmcyvgit2k,,,
846,https://bsky.app/profile/antlervel.vet/post/3krtlzogpg22f,,,
847,https://bsky.app/profile/coachfinstock.bsky.social/post/3krtjobzdys23,,,
848,https://bsky.app/profile/worrius.bsky.social/post/3krtch2wd5w2b,,,
849,https://bsky.app/profile/cdcarter13.bsky.social/post/3krtbyks5mg2k,,,
850,https://bsky.app/profile/vandroidhelsing.bsky.social/post/3krum7qhmlz23,,,
851,https://bsky.app/profile/thesecretcave.bsky.social/post/3krtkabcgt223,,,
852,https://bsky.app/profile/pedroronchi.bsky.social/post/3krtem627t42g,,,
853,https://bsky.app/profile/roseschmits.bsky.social/post/3krtbgqxqml2r,,,
854,https://bsky.app/profile/darthbluesky.bsky.social/post/3krv35poncd24,,,
855,https://bsky.app/profile/penelopemoreira.bsky.social/post/3kruaym2e6t2y,,,
856,https://bsky.app/profile/fearfulsymmetry.bsky.social/post/3kru7l7v7jm2n,,,
857,https://bsky.app/profile/kakazuyuki.bsky.social/post/3kru477e2n32w,,,
858,https://bsky.app/profile/coolietf.bsky.social/post/3krtto63v4y2x,,,
859,https://bsky.app/profile/phillewis.bsky.social/post/3krtrzglckq2g,,,
860,https://bsky.app/profile/crowrivercub.bsky.social/post/3krtrbyyejd2o,,,
861,https://bsky.app/profile/clairewillett.bsky.social/post/3krtoynzngc2j,,,
862,https://bsky.app/profile/chucktingle.bsky.social/post/3krthgtanok2i,,,
863,https://bsky.app/profile/bcdreyer.bsky.social/post/3krtcipohn22x,,,
864,https://bsky.app/profile/mortythenurse.bsky.social/post/3krt76cofxs2k,,,
865,https://bsky.app/profile/mmasnick.bsky.social/post/3krundabixk2h,,,
866,https://bsky.app/profile/memuset.insyu.love/post/3krulp36nik2s,,,
867,https://bsky.app/profile/yeets.biz/post/3krukamcg4k23,,,
868,https://bsky.app/profile/eladn.bsky.social/post/3krugkimzbf2s,,,
869,https://bsky.app/profile/archive.org/post/3krtq3deyvj23,,,
870,https://bsky.app/profile/othatsraspberry.bsky.social/post/3krtnau5ysl24,,,
871,https://bsky.app/profile/adrierising.bsky.social/post/3krtd5saxaf2s,,,
872,https://bsky.app/profile/ricardosog.bsky.social/post/3krt6rdlv3r23,,,
873,https://bsky.app/profile/urbangirl.bsky.social/post/3krux3gl6cc2q,,,
874,https://bsky.app/profile/georgialux.bsky.social/post/3kruiss5chc2i,,,
875,https://bsky.app/profile/juliusgoat.bsky.social/post/3kruijfcwj22z,,,
876,https://bsky.app/profile/charliebutdoggy.bsky.social/post/3kru54ljshc24,,,
877,https://bsky.app/profile/heraldossa.bsky.social/post/3krtryxz6rk25,,,
878,https://bsky.app/profile/rahaeli.bsky.social/post/3krtm4naqbr2d,,,
879,https://bsky.app/profile/newsforfuture.bsky.social/post/3krtefnrz3f2e,,,
880,https://bsky.app/profile/swolecialism.bsky.social/post/3krtdxucxck2d,,,
881,https://bsky.app/profile/karlbode.bsky.social/post/3krtbc6lqxh2j,,,
882,https://bsky.app/profile/lulaoficial.bsky.social/post/3krvkzwulgw22,,,
883,https://bsky.app/profile/lucky8.bsky.social/post/3krut363uao2r,,,
884,https://bsky.app/profile/elkaneo.bsky.social/post/3krusk5tmnv24,,,
885,https://bsky.app/profile/cheesecakechik.bsky.social/post/3kruah7bsiq27,,,
886,https://bsky.app/profile/distopiabrazil.bsky.social/post/3kru7sgqrxl2r,,,
887,https://bsky.app/profile/butterberrycafe.bsky.social/post/3krtfp5lxhv24,,,
888,https://bsky.app/profile/gaudipern.bsky.social/post/3krtexlrrbl2v,,,
889,https://bsky.app/profile/infokomposter.bsky.social/post/3krta4sjfn22e,,,
890,https://bsky.app/profile/purrinink.bsky.social/post/3krvjcxbk222j,,,
891,https://bsky.app/profile/brendelbored.bsky.social/post/3krukoyjthj2d,,,
892,https://bsky.app/profile/phillewis.bsky.social/post/3krty5u7gxl2g,,,
893,https://bsky.app/profile/himbull.bsky.social/post/3krtvw2g5gv26,,,
894,https://bsky.app/profile/steamymac.bsky.social/post/3krvcx2ze5l2u,,,
895,https://bsky.app/profile/tiagodf.bsky.social/post/3krvcobpilk24,,,
896,https://bsky.app/profile/correctiv.org/post/3kruxc3bd6s2l,,,
897,https://bsky.app/profile/fairimon.bsky.social/post/3krurcvrgyc22,,,
898,https://bsky.app/profile/arakencloud.bsky.social/post/3krtjdcjkcs2l,,,
899,https://bsky.app/profile/penelopemoreira.bsky.social/post/3krthghwnqm2n,,,
900,https://bsky.app/profile/vaterstaat.bsky.social/post/3krtg4zvu4j2t,,,
901,https://bsky.app/profile/cmpriest.bsky.social/post/3krtf6bmj2k27,,,
902,https://bsky.app/profile/artevillar.bsky.social/post/3krtcfzusct23,,,
903,https://bsky.app/profile/volksverpetzer.de/post/3krvgolyvcx2q,,,
904,https://bsky.app/profile/pizzahog.bsky.social/post/3krv6i2lnhl2q,,,
905,https://bsky.app/profile/ricardoflor.bsky.social/post/3krumjj7pn325,,,
906,https://bsky.app/profile/senhorarivotril.bsky.social/post/3krulkdok3q2k,,,
907,https://bsky.app/profile/vandroidhelsing.bsky.social/post/3krujiu25bf24,,,
908,https://bsky.app/profile/pimenta13br.bsky.social/post/3kru2sl67ne2w,,,
909,https://bsky.app/profile/jsx.bsky.social/post/3kru2p6j7ol2x,,,
910,https://bsky.app/profile/hard-drive.net/post/3krtw3wealm2b,,,
911,https://bsky.app/profile/antoniopeva.bsky.social/post/3krtocwt7se2b,,,
912,https://bsky.app/profile/cherylrofer.bsky.social/post/3krtj7tjq432e,,,
913,https://bsky.app/profile/karachoheinz.bsky.social/post/3krtgtefooj23,,,
914,https://bsky.app/profile/arteemes.bsky.social/post/3krtemrcfn32f,,,
915,https://bsky.app/profile/uncleduke1969.bsky.social/post/3krvm455txs26,,,
916,https://bsky.app/profile/tooboshoo.bsky.social/post/3kruneii5sk2e,,,
917,https://bsky.app/profile/tkingfisher.bsky.social/post/3krty3yth4l2o,,,
918,https://bsky.app/profile/romulobdias.bsky.social/post/3krtxglrm4z2m,,,
919,https://bsky.app/profile/prisonculture.bsky.social/post/3krts4lgi3x2q,,,
920,https://bsky.app/profile/jnascim.info/post/3krtm3ejozl24,,,
921,https://bsky.app/profile/coolhand.bsky.social/post/3krtgwslgv22z,,,
922,https://bsky.app/profile/wittywebhandle.bsky.social/post/3krtgdpnq2t2k,,,
923,https://bsky.app/profile/brasil247.bsky.social/post/3krtbcpoo3g2z,,,
924,https://bsky.app/profile/chathamharrison.bsky.social/post/3krt6s4er2b25,,,
925,https://bsky.app/profile/senadorpaulopaim.bsky.social/post/3krvirizmsk2j,,,
926,https://bsky.app/profile/cait.bsky.social/post/3krvgazb2nc2g,,,
927,https://bsky.app/profile/tariborealis.bsky.social/post/3krvbn4i2o22r,,,
928,https://bsky.app/profile/juicysteak117.gay/post/3kruypijgzp2g,,,
929,https://bsky.app/profile/erinbiba.bsky.social/post/3kru3fu5kgs2o,,,
930,https://bsky.app/profile/jsx.bsky.social/post/3kru2w2uszl2q,,,
931,https://bsky.app/profile/mtsw.bsky.social/post/3krtvub2txc2p,,,
932,https://bsky.app/profile/kleinman.bsky.social/post/3krtd4kltv225,,,
933,https://bsky.app/profile/ricardosog.bsky.social/post/3krt75cnn7a2p,,,
934,https://bsky.app/profile/estrogenempress.gay/post/3krufscsktd2o,,,
935,https://bsky.app/profile/parsnip.bsky.social/post/3krtwlusoqy23,,,
936,https://bsky.app/profile/bitterkarella.bsky.social/post/3krttwldaj42q,,,
937,https://bsky.app/profile/urabiko.bsky.social/post/3krt7u7bda224,,,
938,https://bsky.app/profile/nukerooster.bsky.social/post/3krt7k4pbmg2t,,,
939,https://bsky.app/profile/hayesbrown.bsky.social/post/3krt6ioka4e2f,,,
940,https://bsky.app/profile/nyuudles.bsky.social/post/3kruxbsybrj2g,,,
941,https://bsky.app/profile/botademocracia.bsky.social/post/3krucgy7qhm2g,,,
942,https://bsky.app/profile/mochimochi2215.bsky.social/post/3kru2p74ccl26,,,
943,https://bsky.app/profile/penelopemoreira.bsky.social/post/3krtwffwpvm2r,,,
944,https://bsky.app/profile/andereansicht.bsky.social/post/3krtvnpzkj42j,,,
945,https://bsky.app/profile/karenho.bsky.social/post/3krtsccduo22z,,,
946,https://bsky.app/profile/der-waeller.bsky.social/post/3krtq3jgyvk2q,,,
947,https://bsky.app/profile/shapadeng.bsky.social/post/3krtp2yilcr27,,,
948,https://bsky.app/profile/aniceburrito.bsky.social/post/3krtctl342k24,,,
949,https://bsky.app/profile/jwmason.bsky.social/post/3krt73t3tqz2e,,,
950,https://bsky.app/profile/vandroidhelsing.bsky.social/post/3krucoxyif22d,,,
951,https://bsky.app/profile/psikeval.bsky.social/post/3krucda6q5k2z,,,
952,https://bsky.app/profile/crowrivercub.bsky.social/post/3krtz5themi2x,,,
953,https://bsky.app/profile/ashleysays.bsky.social/post/3krts6fjr5c26,,,
954,https://bsky.app/profile/valeriakarasu.bsky.social/post/3krthqeo6mc2h,,,
955,https://bsky.app/profile/pedroronchi.bsky.social/post/3krvf2iryxb2b,,,
956,https://bsky.app/profile/der-postillon.com/post/3krv2pl572k2k,,,
957,https://bsky.app/profile/mnt.bsky.social/post/3kru6u34esd2v,,,
958,https://bsky.app/profile/nyhgault.bsky.social/post/3krttlf5zqf26,,,
959,https://bsky.app/profile/rrakiera.bsky.social/post/3krtdvj4elt2g,,,
960,https://bsky.app/profile/guilhermeboulos.bsky.social/post/3krt6v23wqx2r,,,
961,https://bsky.app/profile/secondnaturemb.bsky.social/post/3kruhfcpxxx2e,,,
962,https://bsky.app/profile/jads-i-rutan.bsky.social/post/3krubnxp25o2z,,,
963,https://bsky.app/profile/vandroidhelsing.bsky.social/post/3kruacewknj2i,,,
964,https://bsky.app/profile/swy.bsky.social/post/3kru7xu7kts2l,,,
965,https://bsky.app/profile/jefftiedrich.bsky.social/post/3krtuxwlyah2x,,,
966,https://bsky.app/profile/its.cassie.baby/post/3krtrpcilbg2f,,,
967,https://bsky.app/profile/staceynycdc.bsky.social/post/3krtcfb6m7w2t,,,
968,https://bsky.app/profile/agayminotter.bsky.social/post/3krt6iut5ml27,,,
969,https://bsky.app/profile/capirotinho.bsky.social/post/3krvjee6v5v2x,,,
970,https://bsky.app/profile/dlr-next.bsky.social/post/3kruqxfmjis2j,,,
971,https://bsky.app/profile/pedroronchi.bsky.social/post/3krugjehr5r2p,,,
972,https://bsky.app/profile/vandroidhelsing.bsky.social/post/3kruaxt6ckk2d,,,
973,https://bsky.app/profile/lucky8.bsky.social/post/3kruawsvpto2h,,,
974,https://bsky.app/profile/happytoast.bsky.social/post/3krtqca5nbu23,,,
975,https://bsky.app/profile/torisakiaoi.bsky.social/post/3krtf3crxqv2s,,,
976,https://bsky.app/profile/ianbetteridge.com/post/3krvcuvsec327,,,
977,https://bsky.app/profile/yusai00.bsky.social/post/3krulut33c32q,,,
978,https://bsky.app/profile/vandroidhelsing.bsky.social/post/3kruii4bk7t2i,,,
979,https://bsky.app/profile/joshuajfriedman.com/post/3krucxqupgs24,,,
980,https://bsky.app/profile/ricardosog.bsky.social/post/3kru5dez6vt2a,,,
981,https://bsky.app/profile/aliensymbol.art/post/3kru4ltxrje2f,,,
982,https://bsky.app/profile/chisa.bsky.social/post/3krtzsrofbv2s,,,
983,https://bsky.app/profile/erinbiba.bsky.social/post/3krtz4qotyk2f,,,
984,https://bsky.app/profile/profbear.bsky.social/post/3krtxnir27s2t,,,
985,https://bsky.app/profile/ass.golf/post/3krtvvzd4do2k,,,
986,https://bsky.app/profile/derapotheker.bsky.social/post/3krtcqmqnac2q,,,
987,https://bsky.app/profile/thielman.bsky.social/post/3krtcn2u76m2t,,,
988,https://bsky.app/profile/thielman.bsky.social/post/3krtsgbc5tl2v,,,
989,https://bsky.app/profile/pureneugier311.bsky.social/post/3krtnkpe3of25,,,
990,https://bsky.app/profile/lulaoficial.bsky.social/post/3krvloilqde2i,,,
991,https://bsky.app/profile/unasaka0309.bsky.social/post/3krum2sx4z42w,,,
992,https://bsky.app/profile/courtneymilan.com/post/3krukyy7e6l2u,,,
993,https://bsky.app/profile/karenho.bsky.social/post/3kruc6vdmi32o,,,
994,https://bsky.app/profile/juicysteak117.gay/post/3krfkyfh3pc24,,,
995,https://bsky.app/profile/themckenziest.gay/post/3krjrnn4plc2c,,,
996,https://bsky.app/profile/bsky.app/post/3krgwqgwgkc2k,,,
997,https://bsky.app/profile/existentialcomics.bsky.social/post/3krexyc57oc2g,,,
998,https://bsky.app/profile/lubchansky.bsky.social/post/3krtbh4abqb2h,,,
999,https://bsky.app/profile/mauraquint.bsky.social/post/3krhv65nvjc2w,,,
1000,https://bsky.app/profile/bencollins.bsky.social/post/3krh7f4mkac2k,,,
